Nombre,Total
Mateo,4157
Agustin,2986
Benjamin,2659
Santiago,2659
Tomas,2639
Lucas,2470
Gaspar,2122
Alonso,2049
Matias,2035
Joaquin,2031
Vicente,1975
Maximiliano,1941
Martin,1849
Jose,1449
Julian,1387
Luciano,1368
Maximo,1365
Facundo,1358
Cristobal,1294
Gabriel,1229
Dante,1219
Bruno,1207
Sebastian,1190
Nicolas,1187
Emiliano,1184
Diego,1135
Juan,1020
Simon,981
Leon,888
Felipe,857
Liam,845
Renato,844
Franco,825
Ignacio,812
Pedro,773
Amaro,727
Thomas,703
Daniel,700
Ian,699
Rafael,691
Bastian,673
Santino,667
Gael,591
Luis,587
Mariano,587
Angel,581
Javier,568
David,566
Francisco,564
Samuel,562
Pablo,512
Matteo,503
Thiago,488
Damian,474
Emilio,474
Dylan,473
Carlos,466
Valentin,447
Isaac,432
Salvador,423
Fernando,421
Esteban,405
Alexander,399
Cristian,382
Aaron,379
Leonardo,378
Jorge,373
Elias,356
Gustavo,353
Clemente,351
Alejandro,340
Elian,340
Manuel,338
AndrêS,328
Mathias,307
Victor,301
Miguel,290
Matheo,287
Oliver,287
Camilo,281
Eduardo,275
Rodrigo,274
Borja,273
Baltazar,269
Josue,263
Fabian,251
Leandro,239
Isaias,230
Alvaro,218
Lorenzo,216
Jes?S,213
Alex,212
Raimundo,212
Ismael,207
Augusto,206
Noah,201
Alfonso,199
Eithan,198
Valentino,198
Alan,195
Lautaro,195
Jean,192
Ricardo,184
Abraham,183
Christopher,181
Lukas,174
Oscar,168
Ezequiel,167
Demian,166
Cristopher,165
Gonzalo,165
Hector,164
Arturo,161
Iker,157
Lian,152
Guillermo,151
Emmanuel,147
Erick,147
Milan,147
Axel,145
Max,145
Ethan,144
Sergio,144
Jerem?As,143
Mauricio,140
Claudio,139
Domingo,139
Pascual,135
CêSar,134
Octavio,134
Antonio,132
Christian,130
Marcelo,129
Piero,128
MoisêS,124
Ivan,120
Jonathan,120
Mario,119
Alexis,118
Abdiel,117
Nahuel,116
Adri?N,115
Kevin,113
Leonel,112
Anthony,109
Amaru,107
Emanuel,105
Patricio,103
Eydan,102
Federico,102
Marco,100
Enzo,99
Gast?N,97
An?Bal,94
Jacob,91
Joel,91
Dar?O,90
Kylian,89
Ra?L,89
Roberto,88
William,88
Jhon,86
Rom?N,86
Austin,85
Angelo,84
Ariel,80
Lyan,79
John,78
Stefano,75
Cristofer,73
Dilan,73
Santi,72
Theo,72
Caleb,70
Beltr?N,69
Hugo,69
Derek,68
Emir,68
Eidan,66
Zaid,66
Marcos,65
Evan,64
I•Aki,64
Alessandro,63
Johan,63
Giovanni,61
Leonidas,61
Omar,61
Williams,61
Felix,60
Hans,60
Efra?N,59
Evans,59
Jeremy,59
Joseph,59
Abel,58
Jaime,58
Jordan,57
Lyam,57
Israel,56
Paolo,56
Saul,56
Joshua,54
Julio,54
Eluney,53
Michael,53
Rodolfo,53
Samir,53
Tahiel,53
Edward,52
Hern?N,52
Mauro,52
Milovan,51
RubêN,51
Adolfo,49
Exequiel,48
Eythan,48
Izan,48
Misael,48
Gerardo,47
Germ?N,47
Paulo,47
Enrique,46
Nehemias,46
Nicanor,46
Teo,46
Bautista,46
Antu,45
Edgar,45
Nathan,45
Nelson,45
James,44
Eliel,43
Mike,43
Fabio,42
Luca,42
Tob?As,42
Bernardo,41
Lionel,41
Alen,40
Baltasar,40
Ar?N,39
Luan,39
Said,39
Andrew,38
Jared,38
Lucca,38
Steven,38
Alonzo,37
Ibrahim,37
Alberto,36
Danilo,36
Josias,36
Alfredo,35
Aukan,35
Dereck,35
Paul,35
Ramiro,35
Richard,35
Silvestre,35
Andy,34
Inti,34
Demir,34
Arthur,33
Joan,33
Luka,33
Amir,32
Bryan,32
Yahir,32
Ferran,32
Adriel,31
Marvens,31
Osvaldo,31
Robert,31
Ulises,30
Brandon,29
Eleazar,29
Erik,29
Vladimir,29
Antuan,28
Boris,28
Chris,28
Dariel,28
Dorian,28
Ihan,28
Marc,28
Matthew,28
Andrê,27
Brayan,27
Eliseo,27
Ernesto,27
Tadeo,27
Bayron,26
Lucciano,26
Patrick,26
Adriano,25
E?Tan,25
Jair,25
Anderson,25
Isai,25
Leo,25
Natanael,25
Adam,24
Esai,24
Jairo,24
Trist?N,24
Ciro,23
Darell,23
Didier,23
Italo,23
Karim,23
Prince,23
Raphael,23
Yair,23
Adonis,22
Anthuan,22
Eric,22
Ithan,22
Renê,22
Uriel,22
Jonas,21
Kilian,21
Luccas,21
Ronald,21
Teodoro,21
Wood,21
Owen,21
Dastan,20
Einar,20
Fabrizio,20
Giuliano,20
Henry,20
Ram?N,20
Salom?N,20
Wladimir,20
Edison,19
Eliam,19
Jayden,19
Kai,19
Maikel,19
Nathaniel,19
Zabdiel,19
Darien,19
Jer?Nimo,19
Joao,19
Alexandro,18
Antoine,18
Gerald,18
Giovanny,18
Lucio,18
Reinaldo,18
Roque,18
Apolo,18
Gian,18
Gianluca,18
Braulio,18
Abdias,17
Alain,17
Brian,17
Cristhian,17
Dominic,17
Eliezer,17
Hassan,17
Naim,17
Neithan,17
Neythan,17
Ander,17
Adiel,16
Aldo,16
Antony,16
Aquiles,16
Fidel,16
Gadiel,16
Jacobo,16
Logan,16
NêStor,16
Santy,16
Vincent,16
Yoel,16
Yohan,16
?•Igo,16
Estefano,16
Benicio,15
Benito,15
Edson,15
Emerson,15
Francesco,15
Freddy,15
Horacio,15
Jimmy,15
Josetom?S,15
Kael,15
Wilson,15
Eduard,15
Jaziel,15
Jhoan,15
Ryan,15
Vasco,15
Ad?N,14
Armando,14
Gregorio,14
Iam,14
Josê-Tom?S,14
Kervens,14
Rayan,14
Sandro,14
Tiago,14
Zamir,14
Noel,14
Enoc,14
Aidan,13
Albert,13
Constantino,13
Edgardo,13
Fabricio,13
Gerard,13
Keylor,13
Maicol,13
Maikol,13
Massimo,13
Robinson,13
Yamir,13
Yonathan,13
Yordan,13
Jefferson,13
Justin,13
Yerko,13
Sam,13
Adams,12
Carlo,12
Darwin,12
Gregory,12
Harold,12
Ivar,12
Jadiel,12
Lucian,12
Philippe,12
Rolando,12
Tiziano,12
Xavier,12
EdêN,12
Erwin,12
Kyliam,12
Mael,12
Matheus,12
Walter,12
Yerik,12
Kurt,12
Allen,11
Amador,11
Armin,11
Ayun,11
Balthazar,11
Benyam?N,11
Byron,11
Danny,11
Danthe,11
Darkiel,11
Farid,11
Feliciano,11
Flavio,11
Gianfranco,11
Lisandro,11
Mathew,11
Mikel,11
Orlando,11
Osman,11
RamsêS,11
Roger,11
Stanley,11
Stephano,11
Stiven,11
Tyrone,11
Wensley,11
Cristhofer,11
Deivid,11
Jonatan,11
Marlon,11
Maycol,11
Ostin,11
Genaro,11
Eliot,11
Azael,10
Dawens,10
Dean,10
Eiden,10
Eidhan,10
Ethian,10
Etienne,10
Franko,10
Jamesley,10
Juaquin,10
Julien,10
Kerem,10
Peter,10
Carl,10
Edwin,10
Kaleb,10
Stefan,10
Elliot,10
Leopoldo,10
Zahir,10
Eder,10
Abner,9
Anton,9
Baruc,9
Bradley,9
Dan,9
Dyland,9
Edric,9
Fredy,9
Jael,9
Jayson,9
Jhean,9
Junior,9
Kilyan,9
Lens,9
Lifko,9
Likan,9
Mark,9
Nahum,9
Nolan,9
Pelayo,9
Pierre,9
Romeo,9
Tayron,9
Tommy,9
Yosef,9
Ali,9
Cristiano,9
Domenico,9
Drake,9
Edrick,9
Elvis,9
Maxi,9
Nataniel,9
Bruce,9
Dave,9
Davidson,9
Dominick,9
Eloy,9
Louis,9
Santis,9
Esdras,9
Allan,8
Ankatu,8
Damir,8
Denzel,8
Deylan,8
Eydhan,8
Faustino,8
Fausto,8
Gaspard,8
Ger?Nimo,8
Giorgio,8
Hansel,8
Heber,8
Jason,8
Jhonatan,8
Johann,8
Juliano,8
Kendrick,8
Kerim,8
Kerry,8
Khaled,8
Lion,8
Marcial,8
Maximilian,8
Maykel,8
Moise,8
Nat?N,8
Ragnar,8
Ralph,8
Steeve,8
Vittorio,8
Donato,8
Elyan,8
Frank,8
Kensley,8
Luckas,8
Marck,8
Nawel,8
Tarek,8
Yadiel,8
Yuli?N,8
Gino,8
Ilan,8
Rood,8
Bernabê,8
Gerson,8
Timoteo,8
Yael,8
Christ,8
Martino,8
Yuliano,8
Uziel,8
Abdel,7
Christofer,7
Crescente,7
Douglas,7
Edgard,7
Francis,7
Franz,7
Gary,7
George,7
Giancarlo,7
Jack,7
Kenai,7
Kenay,7
Maximus,7
Maykol,7
Mirko,7
Muhammad,7
Otoniel,7
Pangal,7
Pascal,7
Polo,7
Renzo,7
Santhiago,7
Vincenzo,7
Alexandre,7
Asher,7
Branco,7
Ezio,7
Ikal,7
Jhair,7
Lovensky,7
Mackenley,7
Marcus,7
Milton,7
Pietro,7
Steffano,7
Caetano,7
Elier,7
Eren,7
Franchesco,7
Gamaliel,7
Giordano,7
Jeicob,7
Marcel,7
Alexi,7
Matt?As,7
Yoshua,7
Jeison,7
Jhonny,7
Eduar,7
Anyelo,6
Ari,6
Carlens,6
Dany,6
Fabrizzio,6
Favio,6
Giuseppe,6
Haziel,6
Humberto,6
Iann,6
Ilian,6
Jaden,6
Jerry,6
Jhojan,6
Johao,6
Jun,6
Levi,6
Neil,6
Newen,6
Nikola,6
Reynaldo,6
Ricky,6
Sean,6
Will,6
Yeremi,6
Aldair,6
Ayden,6
Billy,6
Ever,6
Ferm?N,6
Gareth,6
Gerem?As,6
Johnny,6
Kenji,6
Kervin,6
Killian,6
Kyle,6
Leonard,6
Magdiel,6
Nathanael,6
Randy,6
Robin,6
Santos,6
Yasser,6
Yonatan,6
Ephraim,6
Jan,6
Jeferson,6
Karl,6
Kenneth,6
Leftraru,6
Massimiliano,6
Nadir,6
Ronaldo,6
Vicenzo,6
Edinson,6
Giovani,6
Klaus,6
Munay,6
Renatto,6
Charles,6
Iham,6
Luke,6
Aivar,5
Darko,5
Dastin,5
Dennis,5
Densley,5
Egon,5
Ehitan,5
Ezra,5
Gede?N,5
Jay,5
Jaysen,5
Jeshua,5
Jeycob,5
Jhonson,5
Jhulian,5
Joe,5
Joseluis,5
Juanpablo,5
Lihan,5
Loan,5
Mathius,5
Mavens,5
Miqueas,5
Missael,5
Raymundo,5
Rubens,5
Waldo,5
Woodson,5
Yampier,5
Yariel,5
Yeray,5
Yu,5
Adrien,5
Ashley,5
Cedric,5
Davens,5
Dominik,5
Fabiano,5
Filippo,5
Hantz,5
Hernando,5
Issac,5
Jhonn,5
Jhordan,5
L?Zaro,5
Marth?N,5
Matthias,5
Rocco,5
Rogelio,5
Tito,5
Tyler,5
Wesley,5
Yeferson,5
Zair,5
Zayd,5
Alam,5
Anku,5
Aydan,5
Edri?N,5
Gahel,5
Herman,5
Jeanpierre,5
Jhonsley,5
Kenley,5
Mathyas,5
Nael,5
Nikolas,5
Phillip,5
Rey,5
Ronny,5
Wen,5
Xander,5
Andreu,5
Eros,5
Frantzley,5
Samin,5
Steve,5
Ted,5
Aiden,5
Axl,5
Dawensley,5
Jahaziel,5
Kaleth,5
LêNin,5
Guido,5
Harry,5
Hasan,5
Aylan,5
Etham,5
Gianlucca,5
Mattheo,5
Paris,5
Alessio,4
Angello,4
Anghelo,4
Arly,4
Basthian,4
Berlens,4
Carlensky,4
Deyvis,4
Dimitri,4
Djouvensky,4
Don,4
Dylam,4
Edwards,4
Elihan,4
Emil,4
Enmanuel,4
Ennio,4
Estefan,4
Galo,4
Givenson,4
Jahir,4
Jeanfranco,4
Jeyko,4
Jhostin,4
Johnson,4
Josh,4
Juan-Josê,4
Juandavid,4
Juvens,4
Kenan,4
Kendy,4
Kervenson,4
Koyam,4
Lucianno,4
Mijael,4
Nickolas,4
Niko,4
Richardson,4
Rui,4
Smith,4
Stephen,4
Tayler,4
Thierry,4
Watson,4
Yeiko,4
Yerson,4
Yi,4
Yojan,4
Zack,4
Agusth?N,4
Alexsander,4
Anan?As,4
Aran,4
Arian,4
Bensky,4
Bjorn,4
Boran,4
Ca?N,4
Devin,4
Duban,4
Duv?N,4
Eliab,4
Hao,4
Johnsley,4
Jonnathan,4
Konrad,4
Liham,4
Luc,4
Luigi,4
Quimey,4
Reimundo,4
Roy,4
Rudy,4
Tom,4
Unai,4
Viggo,4
Willy,4
Yeicob,4
Alonsso,4
Andrews,4
Ansel,4
August,4
Christobal,4
Clarens,4
Cristhobal,4
Davensky,4
Dawensky,4
Dayron,4
Eitham,4
Eliott,4
Engel,4
Ezekiel,4
Gilberto,4
Heydan,4
Jackson,4
Jassiel,4
Jhosep,4
Julen,4
Kay,4
Kristian,4
Maick,4
Osmar,4
Stevens,4
Yamil,4
Yeico,4
Yeremy,4
Yoseph,4
?Styn,4
Aren,4
Dantte,4
Gennaro,4
Ghael,4
Hayden,4
Itham,4
Ivo,4
Jamesly,4
Jhoel,4
Juanpedro,4
Kelian,4
Matt,4
Schneider,4
Steeven,4
Tahir,4
Yvens,4
Zahid,4
Dangelo,4
Dwayne,4
Eidrian,4
Murat,4
Batista,4
Eliecer,4
Es?Y,4
Jeyden,4
Lensky,4
Nick,4
Noha,4
Remigio,4
Dalens,4
Dasthan,4
Heinz,4
Jeremi,4
Jhan,4
Noa,4
Rodson,4
Jeziel,4
Kenny,4
Oriel,4
Galvarino,4
Adolf,3
Alens,3
Andru,3
Anselmo,3
Ayrton,3
Bervens,3
Blake,3
Carly,3
Casper,3
Cedrick,3
Charlie,3
Chriss,3
Crhistopher,3
Dayan,3
Declan,3
Deri?N,3
Desmond,3
Djery,3
Dusan,3
Edisson,3
Eliazar,3
Elio,3
Eli?,3
Evens,3
Evenson,3
Exzequiel,3
Ezequias,3
Fern?N,3
Frantz,3
Fritz,3
Giulianno,3
Greco,3
Hardy,3
Helaman,3
Helmut,3
Isac,3
Isaiah,3
Jabes,3
Jacques,3
Jeremmy,3
Jerson,3
Jim,3
Jonael,3
Jose-Pedro,3
Karlos,3
Lientur,3
Lissandro,3
Maickel,3
Markus,3
Maurizio,3
Namir,3
Na?N,3
Neftal?,3
Nino,3
Noê,3
Reymond,3
Rolph,3
Roniel,3
Roodensky,3
Salvatore,3
Samael,3
Sammy,3
Santti,3
Selim,3
Simone,3
Sven,3
Tian,3
Ulrich,3
Viktor,3
Yeral,3
Yves,3
Zadkiel,3
Zhi,3
Abdul,3
Abimael,3
Andersson,3
Antonny,3
Asael,3
Bendji,3
Claudens,3
Cris,3
Darlens,3
Dietrich,3
D?Ren,3
Ednerson,3
Ehydan,3
Elijah,3
Frantzdy,3
Fuad,3
Gasphar,3
Gohan,3
Haniel,3
Jean-Pierre,3
Jeffrey,3
Jeyson,3
Jhonley,3
Juanjose,3
Jurgen,3
Kaled,3
Keith,3
Keylan,3
Lander,3
Manu,3
Norman,3
Relmö,3
Rigo,3
Royer,3
Stevenson,3
Valenttino,3
Wens,3
Yeiden,3
Yohel,3
Youvens,3
Zacar?As,3
Zeus,3
Aharon,3
Andrus,3
Antai,3
Anthoan,3
Ares,3
Awkan,3
Carvens,3
Daven,3
Denis,3
Diago,3
Eloi,3
Franklin,3
Goran,3
Hassam,3
Hian,3
Isaak,3
Jhael,3
JosêPablo,3
Juandiego,3
Konstantin,3
Kyan,3
Lebr?N,3
Lovens,3
Marcello,3
Marko,3
Matia,3
Micael,3
Milian,3
Myke,3
Neizan,3
Noriel,3
Ori?N,3
Oseias,3
Osiel,3
Oskar,3
Percy,3
Rood-Ma?L,3
Santhy,3
Snayder,3
Uzziel,3
Abiel,3
Aladino,3
Alessander,3
Anduin,3
Antuel,3
Briam,3
Darel,3
Ed,3
Eizan,3
Franck,3
Guyvens,3
Igal,3
Kalfö,3
Kervensley,3
Kim,3
Kristopher,3
Liang,3
Luisfelipe,3
Renaldo,3
Ricardy,3
Robensky,3
Rony,3
Roobens,3
Roodensley,3
Steevens,3
Stephan,3
Woodley,3
Woodly,3
Yamal,3
Yeison,3
Zi,3
Alberth,3
Aliro,3
Elih?,3
Essay,3
Eyden,3
Isidro,3
Isrrael,3
Jasper,3
Jeff,3
Jhoaquin,3
Jia,3
Johans,3
Jostin,3
Kallfu,3
Kamil,3
Kelvin,3
Marquinhos,3
Milo,3
Philipp,3
Sair,3
Sander,3
Thobias,3
Wiliams,3
Wilmer,3
Yan,3
Yassir,3
Yoan,3
Adir,3
Altair,3
Arath,3
Aziel,3
Brayden,3
Cliff,3
D'Alessandro,3
Darian,3
Devran,3
Drazen,3
Dustin,3
Jastin,3
Jerome,3
Marianno,3
Mick,3
Morgan,3
Rai,3
Sahid,3
Davor,3
Ediel,3
Edmundo,3
EfrêN,3
Enki,3
Gianmarco,3
Izam,3
Juanluis,3
Keanu,3
Magnus,3
Olivier,3
Oustin,3
SthêFano,3
Woodensley,3
Yahel,3
Yhoel,3
Yomar,3
Asier,3
Celso,3
Dastyn,3
Denver,3
Derlens,3
Ebrahim,3
Raymond,3
Tomm?S,3
?Caro,3
Griezmann,3
Jeans,3
Martyn,3
Ray,3
Lyhan,3
Vicentte,3
Abd?N,2
Adal,2
Aldahir,2
Aldrich,2
Ale,2
Ama?L,2
Ambrosio,2
Andrey,2
Andrius,2
Anthonny,2
Ariki,2
Asaf,2
Aslan,2
Bogdan,2
Brayn,2
Cassiel,2
Charlens,2
Clavens,2
Crismar-Lens,2
Cristhoper,2
Dakarai,2
Dalensky,2
Danielo,2
Dayson,2
Deiker,2
Densky,2
Dirian,2
Dixon,2
Edrik,2
Eduin,2
Edwar,2
Eliud,2
Evann,2
Falens,2
Ferlando,2
Francko,2
Gama?L,2
Germa?N,2
Gersson,2
Giacomo,2
Giancarlos,2
Giovany,2
Gregor,2
Guerson,2
Guervenson,2
Gyvens,2
Hadams,2
Harly,2
Hashir,2
Hel?An,2
Herlan,2
Heythan,2
Howard,2
Iliam,2
Inay,2
Ithiel,2
Izhan,2
Jampier,2
Jams,2
Jehan,2
Jerick,2
Jethro,2
Jhonier,2
Jhosue,2
Jivens,2
Jochua,2
Johny,2
Joshue,2
Joss,2
Jovany,2
Judson,2
Julihan,2
Julyan,2
Kamilo,2
Kendry,2
Kervensky,2
Kevens,2
Khan,2
Kunaq,2
Lael,2
Lhyan,2
Linko,2
LiquêN,2
Liwen,2
Lovenson,2
Madoche,2
Marvel,2
Mason,2
Michel,2
Micke,2
Mickenson,2
Miguel-?Ngel,2
Mylens,2
Nemesio,2
Neymar,2
Nikos,2
Nilo,2
Noan,2
Onur,2
OnêSimo,2
Raffaello,2
Robens,2
Rolf,2
Sahir,2
Santtino,2
Scott,2
Silvio,2
Stephane,2
Taiel,2
Tony,2
Waking,2
Wesly,2
Wilber,2
Wilensky,2
Wilkervens,2
Willians,2
Wiskenley,2
Wisly,2
Wolfgang,2
Woodens,2
Woodlensky,2
Yanny,2
Yeiron,2
Yeisson,2
Yerel,2
Yovanni,2
Yuliam,2
Zion,2
êTtienne,2
Adhemir,2
Adley,2
Adly,2
Alim,2
Amenadiel,2
Andino,2
Antwan,2
Anuar,2
Anwar,2
Astor,2
Atley,2
Barkley,2
Bejamin,2
Bernaldo,2
Bladimir,2
Branko,2
Brown,2
Christiano,2
Damien,2
Darren,2
Darvens,2
Davison,2
Denzell,2
Dickson,2
Dieu,2
Dimitry,2
Djouvens,2
Dorlens,2
Ebenezer,2
Eber,2
Edian,2
Elie,2
Ellioth,2
Emerick,2
Eriol,2
Estiven,2
Etian,2
Fadi,2
Fakundo,2
Franci,2
Froylan,2
Fr?D?Ric,2
Harrison,2
Hazard,2
Hazel,2
Iahn,2
Illidan,2
Isair,2
Iyan,2
I•Aky,2
Jahyr,2
Jaim,2
Jephte,2
Jesê,2
Jivenson,2
Joab,2
Joaquim,2
Junhao,2
Keynner,2
Khaleb,2
Kristhian,2
Kristobal,2
Kutral,2
Kyliann,2
Lee,2
Love,2
Luccio,2
Luian,2
Malcolm,2
Maurice,2
Maxime,2
Miguelangel,2
Otniel,2
Perry,2
Pier,2
Pio,2
Reyden,2
Richar,2
Roberth,2
Ronniel,2
Roobensley,2
Roobensly,2
Sammir,2
Seth,2
Shady,2
Shmuel,2
Sony,2
Steffan,2
Stefhano,2
Teylor,2
Tupac,2
Vidson,2
Wintz,2
Woodney,2
Yeikol,2
Yeriel,2
Yohanny,2
Yohans,2
Yordano,2
Agusto,2
Aleksander,2
Alexio,2
Amaury,2
Aramis,2
Aris,2
Arsenio,2
Carl-Handy,2
Cristhiam,2
Dabens,2
Daniell,2
Dilam,2
Djaily,2
Djuvensky,2
Dorvens,2
Edher,2
Edixon,2
Erian,2
Erickson,2
Eynar,2
Eytan,2
Fabianno,2
Fedson,2
Gianni,2
Gianpiero,2
Gorka,2
Harald,2
Haz?N,2
Heidan,2
Heraldo,2
Herbert,2
Hyrum,2
Ikel,2
Iriel,2
Isaack,2
Ivenson,2
Jhonas,2
Josehp,2
Juninho,2
Keny,2
Kenyi,2
Kriss,2
Kyrie,2
Lem?N,2
Levis,2
Makenley,2
MardochêE,2
Marttin,2
Mavensky,2
Merlens,2
Mitchell,2
Nayson,2
NehuêN,2
Rooy,2
Sadrac,2
Sammyr,2
Sondjy,2
Sonel,2
Trevor,2
Vin?Cius,2
Vito,2
Wanderley,2
Wilden,2
Wilfredo,2
Winsley,2
Wolph,2
Yerick,2
Yovani,2
Ythan,2
Yvenson,2
Adler,2
Aitor,2
Alik,2
Ans,2
Antuane,2
Auc?N,2
Bendjy,2
Cameron,2
Criss,2
Dairon,2
Edan,2
Elder,2
Eli,2
Emyr,2
Eriksen,2
Estevenson,2
Fabriccio,2
Fadensky,2
Gama,2
Geremy,2
Guivensley,2
Hander,2
Heiden,2
Hendrick,2
Hens,2
Huguens,2
Ibrahin,2
Ismet,2
Itzael,2
Jeanpool,2
Jeiko,2
Jeremia,2
Jeremiah,2
Jherson,2
Jhossep,2
Jordano,2
JosêMaria,2
Kadir,2
Kewin,2
Keylon,2
Kiaan,2
Leoncio,2
Liiam,2
Lizandro,2
Lorvensky,2
Lukhas,2
Magno,2
Meison,2
Miche,2
Mickenley,2
Nair,2
Neytan,2
Rachid,2
Rayhan,2
Raziel,2
Redson,2
Ren?N,2
Rooney,2
Ruy,2
Sael,2
Sonny,2
Taylor,2
Tyron,2
Wildensley,2
Za?N,2
Aamir,2
Abelardo,2
Agustt?N,2
Alef,2
Andriu,2
Ange,2
Anthoine,2
Antuam,2
Charly,2
Chenhao,2
Cipriano,2
Daemon,2
Danko,2
Dawson,2
Denny,2
Deriam,2
Derick,2
Deymar,2
Edensley,2
Edwins,2
Eidam,2
Elyon,2
Eugenio,2
Hiram,2
Hong,2
Jacinto,2
Jareth,2
Jeanpaul,2
Jeico,2
Jeisson,2
Jhayden,2
Joseignacio,2
Josemiguel,2
Jossue,2
Juvenson,2
Kerlens,2
Khalid,2
Leam,2
Loveson,2
Manasse,2
Mart?,2
Maximino,2
Mayson,2
Mikael,2
Moussa,2
Norbert,2
Quetzal,2
Ralf,2
Samy,2
Shamir,2
Styvens,2
Thair,2
Valdemar,2
Valerio,2
Vedran,2
Wolf,2
Yannick,2
Yasir,2
Yhoan,2
Yifan,2
êDouard,2
Adbiel,2
Alhen,2
Andrik,2
Aram,2
Arnold,2
Asiel,2
Blas,2
Bryant,2
Dair,2
Dareck,2
Deiby,2
Diddier,2
Donatto,2
Edrey,2
Egan,2
Ewan,2
Ezayi,2
Ezel,2
Frederick,2
Givens,2
Glivens,2
Heitan,2
Iaan,2
Ila?,2
Itiel,2
Jeam,2
Jeimy,2
Jhonsly,2
Jhunior,2
Johaquin,2
KalêN,2
Karlens,2
Lucien,2
Lyann,2
Maickol,2
Mayron,2
Millan,2
Mylan,2
Neyson,2
Princeley,2
P?Lux,2
Rober,2
Russell,2
Sammuel,2
Sebasthian,2
Serhan,2
Sley,2
Sthefan,2
Thayrone,2
Thommas,2
Willian,2
Yichen,2
Cayetano,2
Demihan,2
Dikenson,2
Edy,2
Ehidan,2
Gianlucas,2
Giuli?N,2
Hakim,2
Ignazio,2
Jackob,2
Jeims,2
Jian,2
Jon,2
Jousan,2
Juan-Pablo,2
Jupiter,2
Kamal,2
Lentz,2
Louvens,2
Luam,2
Myson,2
Nathael,2
Platon,2
Raffael,2
Rogger,2
Satoshi,2
Sian,2
Steevenson,2
SêBastien,2
Valery,2
Yared,2
Yeims,2
Yhon,2
Yuniel,2
Aldebaran,2
Alexei,2
Alisson,2
Amyr,2
Aurelio,2
Connor,2
Darling,2
Edras,2
Eryck,2
Eyal,2
Fares,2
Herby,2
Iktan,2
Iroh,2
Jamal,2
Jeanpier,2
Josep,2
Josuhe,2
Kervins,2
Leonidaz,2
Lhiam,2
Lohan,2
Lussiano,2
Markens,2
Myderson,2
Niel,2
Roderick,2
Rodney,2
Rudensky,2
Travis,2
Yeidel,2
Yohann,2
Be•At,2
Clawens,2
Daly,2
Dhylan,2
Hazael,2
Ilay,2
Irving,2
Thian,2
Uri,2
Xavi,2
Yiordano,2
Akira,2
AmêRico,2
Calvin,2
Conrado,2
Donovan,2
Elliott,2
Esequiel,2
Guy,2
Henrry,2
Itan,2
Jahdiel,2
Josepedro,2
Juan-Ignacio,2
Leander,2
Maxcimo,2
Maxim,2
Melian,2
Roodens,2
Amadeo,2
Axell,2
Aydin,2
Cedrik,2
Elmer,2
Ender,2
Jeicko,2
Renatho,2
R?O,2
Valente,2
Yarel,2
Yeshua,2
Aliwen,2
Clay,2
Diam,2
Icker,2
Libko,2
Abran,1
Achbed,1
Adelyn,1
Adonijah,1
Adrik,1
Aedan,1
Aegon,1
Agabus,1
Ahmed,1
Aimiru,1
Akim,1
Albeyro,1
Alday,1
Aleck,1
Alekh,1
Alhan,1
Aliando,1
Aliel,1
Alixon,1
Aluisius,1
Amadiel,1
Andrieu,1
Angell,1
Anhelo,1
Apak,1
Arett,1
Arlyson,1
Arthuro,1
Arvand,1
Askan,1
Audelen,1
Avraham,1
Aysaac,1
Bachir,1
Baincy,1
Balthier,1
Bashir,1
Belfor,1
Belian,1
Benedict,1
Benel,1
Benjaqmin,1
Benshy,1
Benyami,1
Beylian,1
Bezaleel,1
Bid,1
Biory,1
Bismar,1
Bladymir,1
Boston,1
Braan,1
Bryan-Chardly,1
Cebacien,1
Cendley,1
Ceurwine,1
Chadensly,1
Chris-Wander,1
Chrislander,1
Chrisle,1
Chrislens,1
Christos,1
Clarensky,1
Clark-Kerwill,1
Claudyson,1
Clavensky,1
Clavin,1
Clawoos,1
Cley,1
Cliford,1
Constantin,1
Cristoper,1
Daan,1
Dabenzley,1
Daigo,1
Danis,1
Dansley,1
Daphenshel,1
Darley,1
Dar?Oclemente,1
Dawentz-Ley,1
Deivith,1
Demys,1
Den,1
Deniam,1
Denilson,1
Derly,1
Deyler,1
Dhanbir,1
Dhylam,1
Dian,1
Dieter,1
Dimitris,1
Divensle,1
Djivenski,1
Djmisley,1
Djounio,1
Djovens,1
Djubensky,1
Doloveson,1
Donalson,1
Douvensky,1
Draden,1
Dread,1
Drey,1
DêNni,1
Edendly,1
Edisonley,1
Edrich,1
Edro,1
Eduawrs,1
Edwinski,1
Edysone,1
Eithann,1
Elan,1
Eledesma,1
Elihand,1
Elwood,1
Emery,1
Emilliano,1
Erison,1
Ernst,1
Eryc,1
Ethiel,1
Etsonne,1
Evanns,1
Evian,1
Ewald,1
Fawenzson,1
Fede,1
Fedens,1
Fednelson,1
Fendi,1
Fiorenzo,1
Fladensky,1
Frantsly,1
Freed,1
Fritznider,1
Fritzon,1
FêSoi,1
Gabrielle,1
Galandsky,1
Gannikus,1
Gazmey,1
Geiner,1
Gelvy,1
Gemerson,1
Georgie,1
Gevenns,1
Gilo,1
Godfrid,1
Grazziani,1
Grego,1
Grover,1
Guerschom,1
Hadi,1
Hairo,1
Haitham,1
Hamstrong,1
Hamza,1
Hanzhi,1
Hardy-Enosh,1
Haritz,1
Hazziq,1
Hedents,1
Heduardo,1
Heimdall,1
Helbert,1
Hemilson,1
Hemyr,1
Herbygens,1
Herve,1
Hip?Lito,1
Honando,1
Horivensky,1
Huber,1
Hudmayson,1
Hurby-Walleh,1
Husman,1
Ihann,1
Imanol,1
Irwin,1
Isarac,1
Itzhak,1
Iwizu,1
Jaair,1
Jabendy,1
Jahm,1
Jasban,1
Jawensley,1
Jay-Son,1
Jayck,1
Jaziz,1
Jean-Christopher,1
Jeaniel,1
Jeanlukas,1
Jediael,1
Jeeferson,1
Jempsley,1
Jennaro,1
Jenssen,1
Jerarth,1
Jermanie,1
Jerwin,1
Jethsus,1
Jeyverson,1
Jhadiel,1
Jhensin,1
Jhersson,1
Jhetro,1
Jheyco,1
Jheyko,1
Jhonattan,1
Jhons-Ernsley,1
Jhordin,1
Jhosua,1
Jhwen-Sterwee,1
Jimsley,1
Jivans,1
Jodlen,1
Jofelsonne,1
John-Wesley,1
Johnn,1
Jonerson,1
Joniel,1
Jorje,1
Jor?S,1
Josemanuel,1
Josty,1
Josê-Luis,1
Jovensky,1
Juandomingo,1
Jubelky,1
Judeson,1
Julians,1
Juniodlin,1
Jurinio,1
Juvenslyjunior,1
Juvinhio,1
Jym,1
Kadmiel,1
Kahendy,1
Kalveen,1
Kaminsky,1
Karhendjy,1
Karlo,1
Kau?,1
Kavany,1
Keavens,1
Kedson,1
Kemmy,1
Kenchel,1
Kendeusley,1
Kendris,1
Kengii,1
Kenhay,1
Kenkorsky,1
Kenlove,1
Keren,1
Kerin,1
Kervensson,1
Kerwens,1
Ketchny,1
Kevinneson,1
Khedeson,1
Kimön,1
Ko,1
Lair,1
Le,1
Ledley,1
Leis,1
Lennin,1
Leonhard,1
Leviat?N,1
Lhaynol,1
Lioventchee,1
Llufkenko,1
Lorgens,1
Loubens,1
Louciano,1
Louvensky,1
Love-Dens,1
Low-Henzo,1
Lowens,1
Luders,1
Luisangel,1
Lukasz,1
Lukins,1
Luvendji,1
Luvensky,1
Luvinsky,1
Lyho'N,1
Lyntz,1
Mac,1
Macario,1
Macdorlson,1
Makelson,1
Malak,1
Malek,1
Marc-Edson,1
Marc-Sammy,1
Marcelino,1
Marck-Junior,1
Marck-Vens,1
Marclens,1
Marihos,1
Mars,1
Maruf,1
Marx,1
Maximilianno,1
Maxxy,1
Maxy,1
May,1
Ma?Cowensly,1
Mc,1
Medwensky,1
Mertens,1
Mervens,1
Mervin,1
Michekendes,1
Micoben,1
Midelen,1
Miguelson,1
Mijhonsley,1
Mika,1
Mike-?Ngel,1
Miken,1
Mirdensley,1
Mivenson-Alando,1
Mixon,1
Monley,1
Mychoeul,1
Myky,1
Nabucodonosor,1
Nacky,1
Nadier,1
Nadlairson,1
Naidinho,1
Nawensky,1
Naykeny,1
Na?,1
Nesmiken,1
Neysan,1
Nidley,1
Nietzsche,1
Nivard,1
Niver,1
Nyhan,1
Oceahia,1
Ociel,1
Oddly,1
Oly-Sebastian,1
Oma?L,1
Omer,1
Ora,1
Orgendersly,1
Orly,1
Ossê,1
Othman,1
Otto,1
Ovi,1
Ozan,1
Pabel,1
Paco,1
Paulson,1
Pedensley,1
Pedro-Andres,1
Peterly,1
Peti,1
Pouchy,1
Prince-Ang?L,1
Prince-Nice,1
Princekelvens,1
Prinseley,1
Prodensky,1
Qirui,1
Racheedley,1
Rafa,1
Rafeth,1
Ralphe,1
Randal,1
Randall,1
Raoh,1
Rayvon,1
Rednesonne,1
Reygn,1
Reyko,1
Rhyley,1
Ricans,1
Ricarnes,1
Richena?L,1
Rijhonkey,1
Roiny,1
Rolensky,1
Rolfdens,1
Rolph-Brahan,1
Romanelo,1
Romayson,1
Ronnier,1
Rood-Schneider,1
Roselito,1
Rosmel,1
Sadhensley,1
Salustio,1
Sam-Hansley,1
Sammael,1
Sanntos,1
Santhino,1
Santiz,1
Schleiden,1
Schnayderson,1
Sem,1
Shaison,1
Shi-Cheng,1
Siegbert,1
Slein,1
Smaycor,1
Smikeco,1
Smithly,1
Smylens,1
Sodiel,1
Steeve-Lindsey,1
Stevensky,1
Taumana,1
Therson,1
Thyan,1
Toby,1
Trey,1
Urihel,1
Usain,1
Vardy,1
Verna,1
Viero,1
Vincen,1
Vitaly,1
Wadlyn,1
Wadsendley,1
Waldir,1
Walensky,1
Waltter,1
Wandy,1
Wavensky,1
Wayens,1
Wendel,1
Wensly,1
Wesnsil,1
Whitchilove,1
Wichi,1
Wickensly,1
Widenay,1
Widensky,1
Widson,1
Wil-Aime,1
Wilderson,1
Wildlens,1
Wilke,1
Williano,1
Wilmensley,1
Winchel,1
Winsky-Venson,1
Wisnadel,1
Wood-Kerly,1
Woodleyson,1
Woodny,1
Woodvensky,1
W?Ngzi,1
Yadier,1
Yagiz,1
Yamhir,1
Yamiel,1
Yarnier,1
Yeizon,1
Yemill,1
Yerald,1
Yeudiel,1
Yhair,1
Yoany,1
Yohane,1
Yon,1
Yonaldo,1
Yosmayle,1
Yostin,1
Yost?El,1
Young,1
Yussar,1
Zorobabel,1
?Rham,1
Aaroon,1
Abimelec,1
Adson,1
Aimeley,1
Akebo,1
Albano,1
Albeiron,1
Alenn,1
Alexandr,1
Alexe,1
Alexzander,1
Aliotche,1
Amancio,1
Amarus,1
Amer,1
Andrei,1
Anglade,1
Ann?Ken,1
Antoyne,1
Antwone,1
Anvy,1
Archard,1
Arhaam,1
Arie,1
Aristeo,1
Ar?St,1
Ashad,1
Asmir,1
Atilio,1
Auryal,1
Ayelef,1
Ayllapangui,1
Azbel,1
Baltassar,1
Barvensky,1
Bastean,1
Bastyan,1
Bel,1
Benjy,1
Bens,1
Benskerly,1
Bensly,1
Bervensley,1
Berventz,1
Besid?N,1
Bhoran,1
Bikenle,1
Bill,1
Billey,1
Bleakhisi,1
Blondy,1
Borga,1
Borjas,1
Brad-Ley,1
Brandy,1
Brays,1
Brett,1
Bronson,1
Brunelson,1
Carmichael,1
Cederik,1
Charik,1
Chedwens,1
Chester,1
Chibinson,1
Chinayder,1
Chivensley,1
Christ-Kenan,1
Christanley,1
Christfernando,1
Christowens,1
Chuhang,1
Clavenky,1
Clawensley,1
Conrad,1
Coray,1
Crichen,1
Cristoval,1
D'Stefano,1
Dabensley,1
Dadensky,1
Dahens,1
Dahentz,1
Dahimon,1
Daisuke,1
Dalessandro,1
Damaso,1
Dansser,1
Danthone,1
Danyelo,1
Darbensky,1
Darpan,1
Davide,1
Davisonn,1
Daween,1
Dawenscky,1
Dawinshlly,1
Dayner,1
Daynor,1
Delsin,1
Delyan,1
Deryan,1
Deymon,1
Deywer,1
Dheclam,1
Diamond-Sky,1
Dianyelo,1
Diedrick,1
Diori,1
Diory,1
Dissan,1
Djakenson,1
Djephly,1
Djimayson,1
Djirvence,1
Djoubens,1
Djouhri,1
Djouvenson,1
Djudensley,1
Djulian,1
Dmitri,1
Domickson,1
Donley,1
Doolensky,1
Doruck,1
Dory,1
Doudlensky,1
Driscold,1
Dubi,1
Dwag,1
Dyllan,1
Dyolensky,1
Eddier,1
Edens,1
Edggar,1
Edrinor,1
Eider,1
Elenson,1
Elichama,1
Ellay,1
Eluyen,1
Emilian,1
Emmet,1
Endry,1
Engelos,1
Erlenes,1
Erwyn,1
Esa?E,1
Essai,1
Etiel,1
Etien,1
Et?N,1
Evair,1
Evanel,1
Evensley,1
Eydann,1
Fabrice,1
Fedly,1
Ferlandinho,1
Fernandes,1
Flayvens,1
Frailin,1
Francky,1
Francois,1
Francy,1
Fredwyns,1
Gandhi,1
Garoo-Jay,1
Geancarlos,1
Geanluca,1
Gedensky,1
Geebenson,1
Gennady,1
Georgeo,1
Geremi,1
Giudelson,1
Gotlieb,1
Guerchon,1
Guevayco,1
Hadley,1
Haim,1
Halan,1
Harley,1
Henderson,1
Hendley,1
Hendry,1
Heri,1
Hernand,1
Huamphrey,1
Husainlee,1
Ihojan,1
Ilaydji,1
Ilkay,1
Iran,1
Isedelson,1
Izzat,1
Jaams,1
Jacyeb,1
Jahmal,1
Jahzeel,1
James-Lee,1
James-Ricardinho,1
Jamphier,1
Jang,1
Janier,1
Jansley,1
Jarri,1
Jashiel,1
Jaydee,1
Jaylens,1
Jcrist?Bal,1
Jedeyou,1
Jeremish,1
Jetzar,1
Jheiden,1
Jhianfranco,1
Jhoao,1
Jhonathan,1
Jhoniel,1
Jhooverwentz,1
Jhordano,1
Jhoset,1
Jhouvens,1
Jh?Smar,1
Jing,1
Jochanan,1
Johams,1
Johari,1
Johnslee,1
Johnweed,1
Josericardo,1
Joudenson,1
Jovarny,1
Jovens,1
Juan-David,1
Juanemilio,1
Juanse,1
Jude,1
Judensky,1
Kaihan,1
Karym,1
Keahi,1
Kedwin,1
Keed,1
Kemy,1
Kendall,1
Kendru,1
Kenedit,1
Kensly,1
Keoma,1
Kerby,1
Kerley,1
Kerryson,1
Kerwin,1
Klyff,1
Laszlo,1
Laureano,1
Lawens,1
Leans,1
Lemunkoyam,1
Liev,1
Lil,1
Loovens,1
Loudrentz-Ky,1
Lucius,1
Luis-Felipe,1
Lyns,1
Macximiliano,1
Mag•Ilwenu,1
Makoi,1
Malquel,1
ManasêS,1
Mannley,1
Mansab,1
Maraby,1
Marchelo,1
Marclorvens,1
Mardochê,1
Markley,1
Marthyn,1
Maximilliam,1
Maykerventz,1
Ma?Co,1
MelchisêDec,1
Melkam,1
Merlyer,1
Merth,1
Michell,1
Mickea,1
Miky,1
Milano,1
Milenko,1
Mishal,1
Mislav,1
Misther,1
Mitchel,1
Mitchy,1
Moglidensley,1
Montana,1
Moroni,1
My,1
Nacho,1
Naoto,1
Naru,1
Nasir,1
Nasser,1
Neima,1
Neimar,1
Nerlinsky,1
Neyen,1
Neyvaldo,1
Norbey,1
Obens,1
Ohian,1
Olav,1
Olvens,1
Orando,1
Osler,1
Osvaldomat?As,1
Osvin,1
Otamendy,1
Oustim,1
Ovadia,1
Pangöilef,1
Pedropablo,1
Pedrotom?S,1
Pelantraru,1
Peter-Cliff,1
Pettersen,1
Presner,1
Quim,1
Rabel,1
Ramesley,1
Ramsey,1
Rayann,1
Raydley,1
Reavon,1
Reginaldo,1
Renny,1
Reynan,1
Richcard,1
Richecarde,1
Richecarvens,1
Rigoberto,1
Rock,1
Rohan,1
Roland,1
Rolbendy,1
Roldy,1
Rolens,1
Rood-Jah?Me,1
Roodeley,1
Roodlitch,1
Roodson,1
Roodvensky,1
Roussan,1
Rovensly,1
Rowhert,1
Run,1
Sami,1
Samintzley,1
Samouel,1
Santys,1
Scarvens,1
Sedeizas,1
Shen,1
Shoodly,1
Shoudly,1
Sikiam,1
Sklimiwed,1
Stefanos,1
Sylvester,1
Tamir,1
Tennison,1
Therry,1
Thervensky,1
Tiago-Andres,1
Toni,1
Travyss,1
Valencio,1
Valeri,1
Varian,1
Vincel,1
Wadjy,1
Walens,1
Wedbensdjino,1
Wedency,1
Wenu,1
Widenerlly,1
Widmael,1
Wifaustison,1
Wilkens,1
Witschelson,1
Woobens,1
Wood-Stephan,1
Woodeley,1
Woodmayson,1
Woodma?L,1
Woodsonne,1
Yain,1
Yaqub,1
Yasin,1
Yasper,1
Ydesnayson,1
Yeikot,1
Yeimy,1
Yeins,1
Yerico,1
Yessel,1
Yheyko,1
Yhordan,1
Yiben,1
Yimid,1
Yonel,1
Yonnier,1
Yorceth,1
Yordy,1
Yosh,1
Yubens,1
Yve,1
Zairo,1
Zait,1
Zaro,1
Zong,1
Abisai,1
Abrahamm,1
Abrahan,1
Aca•Ir,1
AddiêL,1
Adennsky,1
Adison,1
Adkins,1
Adoniz,1
Adryel,1
Aeden,1
Ajourde-Jovenly,1
Aky-Ricarlison,1
Aleix,1
Alencio,1
Alfred,1
Alix,1
Alph,1
Alty,1
Alysso,1
Amias,1
Amram,1
Anadji,1
Anael,1
Ancatu,1
Andher,1
Andreoli,1
Anngel,1
Anouk,1
Ansder,1
Aramys,1
Ardji,1
Arod,1
Asger,1
Ashdriel,1
Augustin,1
Awkalef,1
Ayberson,1
Bahyron,1
Baldovino,1
Banderley,1
Batime,1
Bedcherley,1
Beehlu,1
Beimar,1
Benchi,1
Bertvenson,1
Bismark,1
Brency,1
Breytner,1
Brigham,1
Carhlens,1
Carlvens,1
Carlz,1
Castiel,1
Cayn,1
CharmaêL,1
Chibo,1
Chioke,1
Christ-Send,1
Christaldo,1
Christiven,1
Christo,1
Chyveins,1
Clawins,1
Clevens,1
Clif,1
Clivens,1
ClêMent,1
Coste,1
Critopher,1
Dael,1
Daily,1
Dalensley,1
Dalexandro,1
Danco,1
Danio,1
Daniph,1
Dann,1
Dany-G,1
Dar,1
Darkyel,1
Daster,1
Dave-Kerwy,1
Deinell,1
Delian,1
Delians,1
Dember,1
Denian,1
Depson,1
Diaval,1
Dieuson,1
Dionalson,1
Dioulens,1
Dixson,1
Djevensky,1
Djeymy,1
Djeyson,1
Djinayson,1
Djivensley,1
Dolph,1
Donvalinx,1
Dorbens,1
Dorley,1
Dorvensley,1
Dourau,1
Dub?I,1
Duncan,1
Dyerk,1
Dylhan,1
Dyoudelin,1
Edans,1
Eddie,1
Eddiel,1
Edrihan,1
Edwens,1
Edwigth,1
Edwino,1
Edzay,1
Eiber,1
Elby,1
Eliashis,1
Elison,1
Endjy,1
Ensley,1
Ensy,1
Enzzo,1
Ermond,1
Estann,1
Esteban-Lan,1
Esthefan,1
Etdou,1
Etianne,1
Eud-Nady,1
Evan'S,1
Fanel,1
Faty,1
Felito,1
Fershenley,1
Fran,1
Franclin,1
Frandyson,1
Fransx,1
Frantzo,1
Franyer,1
Frendly,1
Fride,1
Fritz-Curry,1
Fritzmaley,1
Gaetano,1
Gamadiel,1
Gamalier,1
Gama?Le,1
Garbiel,1
Garwens,1
Gasmy-Isra?L,1
Geroan,1
Gilmar,1
Giussep,1
Goodshelskens,1
Guerlens,1
Guirvenson,1
Guivenshley,1
Guvens,1
Guyvensky,1
Habygalens,1
Hadad,1
Haneul,1
Hanibal,1
Hansick,1
Hebrain,1
Heisley,1
Hibrain,1
Hillel,1
Hillian,1
Hiro,1
Hochnayder,1
Holder,1
Hug-Ariel,1
Huomar,1
Icardi,1
Ilians,1
Ilkai,1
Illardson,1
Ire,1
Isaccs,1
Isak,1
Itsacob,1
Itzak,1
Ivens,1
Ivor,1
Jadens,1
Jaerock,1
Jastyn,1
Jatniel,1
Jaydens,1
Jaymar,1
Jeansito,1
Jedans,1
Jeday,1
Jeikob,1
Jelani,1
Jerahmeel,1
Jheans,1
Jheremy,1
Jhey,1
Jhiren,1
Jhonmaikel,1
Jhonncarlo,1
Jhoseph,1
Jhover,1
Jhymer,1
Joavens,1
Job,1
Jodlens,1
Jonata,1
Jonsu,1
Jophiel,1
Josefrancisco,1
Josueê,1
JosêVicente,1
Juan-Matias,1
Judelins,1
Judensley,1
Juliens,1
Jumaider,1
Kalfuliwen,1
Karömalin,1
Keeping,1
Kekoa,1
Kelwens,1
Kendji,1
Kenlee,1
Kenstherson,1
Kerdenson,1
Kerrby,1
Kesfrainy,1
Kesnel,1
Kevenyou,1
Keymel,1
Keyn,1
Khael,1
Killiam,1
Killiams,1
Korlensley,1
Larry,1
Lauchardson,1
Lawrence,1
Lawrentzberd,1
Lemmy,1
Lexander,1
Ley,1
Leykeeni,1
Lhyam,1
Lienan,1
Liksonne,1
Lior,1
Liöken,1
Lordwensky,1
Lordwentzky,1
Lovedens,1
Lufke,1
Mahdi,1
Maikor,1
Malvin,1
Maravicheno,1
Marc-Daddly,1
Marc-Erwens,1
Marc-Evens,1
Marc-Jayden,1
Marcenel,1
Markens-Lee,1
Marloon,1
Marvin,1
Matine,1
Matiyas,1
Maui,1
Maximilien,1
Maxlovens,1
Mayemi,1
Maykenly,1
Maykerwintz,1
Mayneydji,1
Mecksender,1
Meetch,1
Melitch,1
Messendjy,1
Micalens,1
Mide,1
Mike-Schleiden,1
Miljenko,1
Miller,1
Milos,1
Mirvensley,1
Mohamed,1
Molens,1
Morenho,1
MoysêS,1
Mu,1
Muchen,1
Mussabeth,1
Mylher,1
Mythiano,1
Nabot,1
Nahi,1
Nauel,1
Nayal,1
Nehemie,1
Nelfri,1
Nelvin,1
Neydhan,1
Nibaldo,1
Norisky,1
Normand,1
Novenneson,1
Novensky,1
Odelson,1
Odson,1
Oguen,1
Olando,1
Olgensky,1
Oltmann,1
Orandhi,1
Pangui,1
Pudens,1
Rainer,1
Ravier,1
Raymi,1
Renzzo,1
Ricard,1
Ritch-Valens,1
Roalph,1
Robencky,1
Rodley,1
Rodolf,1
Rodrich,1
Rodrick,1
Rogesoccident,1
Rols,1
Rooddleu?L,1
Roodemsley-N,1
Roodensly,1
Roodguens,1
Roodnel,1
Rubenson,1
RêIsell,1
Sabrinio,1
Saeid,1
Salym,1
Schaderson,1
Schebhachy,1
Schnwyoo,1
Seedorf,1
Semdley,1
Sergi,1
Shadrack,1
Sherdon,1
Shivaay,1
Shoudley,1
Silfito,1
Siro,1
Smayly,1
Snowh,1
Sonic,1
Steeven-Sley,1
Steyson,1
Stivens,1
Taison,1
Tayel,1
Tchevchenky,1
Teosmith,1
Terby,1
Thayler,1
Thedwensky,1
Thobire,1
Touri,1
Velouchty,1
Victorino,1
Waddinton,1
Wade,1
Wadelens,1
Wadely,1
Watch-Yoshua,1
Watdalens,1
Wenhao,1
Widelover,1
Widenel,1
Widensly,1
WidlêT,1
Widmy,1
Widnelson,1
Wil,1
Wilder,1
Williansom,1
Wilmy,1
Wilvens,1
Wit-Zair,1
Woodcharley,1
Woodemael,1
Woodlery,1
Woodskendji,1
Yabal,1
Yander,1
Yarian,1
Yecsael,1
Yeinaldo,1
Yenco,1
Yeudi,1
Yhamil,1
Yherko,1
Yish?Q,1
Yoandrick,1
Yod-Akil,1
Yosue,1
Youd,1
Youmi,1
Youngsley,1
Youvensky,1
Yovanny,1
Yumaico,1
Zayn,1
Zhe-Cheng,1
Zhiwei,1
Zidane,1
?Ed,1
Abdens,1
Abnerson,1
Absal?N,1
Adahir,1
Addams,1
Adelen,1
Aderson,1
Adonay,1
Agabo,1
Agni,1
Aizaak,1
Akiles,1
Akzel,1
Alahim,1
Aleiby,1
Alexys,1
Alvens,1
Aly,1
Aly-Jhovany,1
Ambioly,1
Anndy,1
Antölkan,1
Anuel,1
Arjunkumar,1
Asiriyako,1
Atchly,1
Ates,1
Atkerry,1
Aukantu,1
A?N,1
Barack,1
Bardan,1
Barra?,1
Baruck,1
Bastien,1
Baust,1
Bechirr,1
Bedirhan,1
Beevensky,1
Behlul,1
Ben,1
Ben-Alejandro,1
Benchley,1
Bens-Lor,1
Bensther,1
Berat,1
Bernard,1
Bervensmy,1
Beveno,1
Bikenson,1
Bilal,1
Bordenski,1
Bosco,1
Bragin,1
Bryanji,1
Bryhan,1
Carlends,1
Carlenscky,1
Carlins,1
Cecilio,1
Celerino,1
Che,1
Chedly,1
Chedlydesky,1
Chna?Det,1
Christhopher,1
Christly,1
Christovens,1
Clauss,1
Clivenssky,1
Constant?,1
Coverton,1
Crisly,1
Crismayson,1
Cristhiano,1
Cristofher,1
Dabensky,1
Dad,1
Dagensley,1
Dalinseky,1
Danyel,1
Daqui,1
Darly,1
Darvinsky,1
Daryen,1
Dasstan,1
Dawentz,1
Dawin,1
Daylian,1
Demyan,1
Dencel,1
Denisleiby,1
Dennys,1
Dereckmy,1
Derihan,1
Destiny,1
Devynn,1
Dhilan,1
Dieson,1
Dieuferson,1
Dijeuly,1
Dimithry,1
Dinko,1
Diodato,1
Djammy,1
Djevenson,1
Djiwens,1
Djohny,1
Djoovens,1
Djoubensi,1
Djovensky,1
Djo?Ly,1
Dua?N,1
Dyanodson,1
Dymson,1
Ebans,1
Eddrian,1
Edwenscky,1
Efrayim,1
Eivan,1
Ejay,1
Elaydo,1
Elikson,1
Elisandro,1
Emer,1
Enci,1
Ernzo,1
Erwens,1
Essais,1
Eustace,1
Excekiell,1
Fabeensky,1
Faccundo,1
Fedne,1
Felizardo,1
Feral,1
Ferdinando,1
Fernandinhio,1
Finn,1
Florest,1
Franky,1
Frantzci,1
Gamal,1
Garlinsh,1
Gaucho,1
Gerad,1
Geriel,1
Gesnaider,1
Giorgie,1
Giullian,1
Gomez,1
GrêDary,1
Guerby,1
Guerdendjy,1
Guerneldo,1
Guilermo,1
Guiliano,1
Guillerme,1
Guirdner,1
Gurjaap,1
Hachemi-Fredj,1
Handz,1
Harishankar,1
Havy,1
Hayden-Asher,1
Hebreux,1
Heiko,1
Hemir,1
Hendri,1
Hervens,1
Holvens,1
Hood,1
Hoscarle,1
Huabei,1
Huki,1
Iago,1
Ilyan,1
Iverson,1
Izain,1
Jaaziel,1
Jahenns,1
Jameson,1
Janes,1
Jassan,1
Jaster,1
Javit,1
Jayce,1
Jaycob,1
Jayven,1
Jazhan,1
Jazz,1
Jean-Philippe,1
Jefriy,1
Jeivenson,1
Jelson,1
Jerden,1
Jero,1
Jesahel,1
Jheilen,1
Jheycob,1
Jhimy,1
Jhovanni,1
Jhudenscki,1
Jimmi,1
Jims,1
Jnon,1
Jobensley,1
Johnael,1
Johnly,1
Jokens,1
Jordy,1
Joselin,1
Josept,1
Josse,1
Joxander,1
Jud,1
Juderson,1
Judes,1
Justino,1
Juvencio,1
Kaell,1
Kal-El,1
Ka?M,1
Keilor,1
Kency,1
Kenedy,1
Kennet,1
Keynor,1
Keytan,1
Khey,1
Kin,1
Kinky,1
Konnort,1
Konstantinos,1
Korike,1
Kristhofer,1
Kurtis,1
Lefiantö,1
Leftxaru,1
Leibniz,1
Lendon,1
Leocardo,1
Liahn,1
Lien,1
Lienkura,1
Lisander,1
Liugi,1
Lobatchevky,1
Lorenths,1
Luann,1
Maberick,1
Mackensley,1
Mackensly,1
Macpherson,1
Maike,1
Makson,1
Malik,1
Markensly,1
Mathews,1
Matiaz,1
Maybel,1
Mayers,1
Mayk,1
Meliodas,1
Michee,1
Michele,1
Mikevens,1
Milans,1
Mohammad,1
Mostafa,1
Mycord,1
Myrko,1
Nahin,1
Nahun,1
Neicker,1
Ness,1
Neydan,1
Ngen,1
Niloidy,1
Nolhan,1
Olidave,1
Ordensmith,1
Orismay,1
Osbrand,1
Owi,1
Passuchy,1
Phedeson,1
Predson,1
Rachmaurys,1
Rangil,1
Reison,1
Riberly,1
Ribinson,1
Ricardi,1
Richardwick,1
Rithniel,1
Robins,1
Robinz?N,1
Rocky,1
Rolgendi,1
Romario,1
Romay,1
Ronie,1
Rood-Jerry,1
Roodkerry,1
Roodly,1
Roodmavens,1
Roopsingh,1
Ruan,1
Rudolph,1
Ruduens,1
Ruguens,1
Sai,1
Sairi,1
Sammasati,1
Samnaison,1
Samsky,1
Sashwat,1
Sa?L-Feray,1
Segundo,1
Shael,1
Shneider,1
Sinan,1
Slaveky,1
Snyby,1
Snyder,1
Sondeley,1
Sondji,1
Stander,1
Stanly,1
Steeve-Klarc-Kerveer,1
Steffen,1
Subhan,1
Svlakovitch,1
Sylvio,1
Tahyel,1
Takashi,1
Tauro,1
Teho,1
Thyago,1
Triztan,1
Vercilien,1
Videnel,1
Vitalli,1
Wadinsky,1
Wadnel,1
Walkin,1
Wandel,1
Webster,1
Wedjevens,1
Weefdjy,1
Wenchelinho,1
Wendellson,1
Wensky,1
Werner,1
Whilf,1
Widmaylens,1
Wilco,1
Wildel,1
Wiliano,1
Wilner,1
Wismaylensky,1
Witz,1
Woodleison,1
Woodmyson,1
Woods,1
Worck,1
Wyatt,1
Xamir,1
Yamel,1
Yannier,1
Yarol,1
Yashin,1
Yast?N,1
Yazir,1
Ygensley,1
Yohalam,1
Yonhadab,1
Yordin,1
Yoshimar,1
Yotuel,1
Youvensley,1
Ytalo,1
Yuliant,1
Zahar,1
Zahitm,1
Zaul,1
Zejaria,1
Ziro,1
Zoel,1
Abed,1
Accel,1
Acxel,1
Adaams,1
Adensly,1
Agostino,1
Ahidan,1
Aimar,1
Akil,1
Akiro,1
Akon,1
Alenko,1
Alesander,1
Alian,1
Alye,1
Amarx,1
Andro,1
Antoni,1
Arlens,1
Aroon,1
Arturh,1
Aryuna,1
Aser,1
Ata,1
Auki,1
Azahel,1
Bendju-Mivens,1
Bensley,1
Beren,1
Bergens,1
Berwensky,1
Blass,1
Boyka,1
Bradleey,1
Brailin,1
Brainer,1
Briann,1
Cabenso,1
Carry,1
Cassian,1
Chardeley,1
Cheri,1
Chooby,1
Clif-Vensky,1
Cristo,1
Curry,1
Dabany,1
Dadly,1
Dahir,1
Dainer,1
Dalyan,1
Daniele,1
Darik,1
Darikson,1
Dashiell,1
Dasthyn,1
Dawendjy,1
Dawonn,1
Dazzler,1
Deimon,1
Deitan,1
Denim,1
Denscky,1
Deremick,1
Derrick,1
Deve,1
Devensky,1
Diamantsky,1
Dilann,1
Djilens,1
Djoker,1
Djood,1
Dorvilmar,1
Duvensky,1
Dyam,1
Ebrahym,1
Edahi,1
Edd,1
Eddyzon,1
Edin,1
Edmilson,1
Edrien,1
Elihel,1
Elouan,1
Elvinho,1
Elyam,1
Emilianno,1
Emmyly,1
Emmyr,1
Emrys,1
Enno,1
Ettiene,1
Excequiel,1
Exekiel,1
Fahendy,1
Fan,1
Fedwensky,1
Fergy,1
Frann,1
Fred,1
Fredens,1
Furio,1
Ga-Alejandro,1
Gad-Lybni,1
Gadriel,1
Gahell,1
Galver,1
Garlensky,1
Garvez,1
Gasspar,1
Gawenscky,1
Gedson,1
Geomar,1
Geph,1
Geralson,1
Germano,1
Gianluccas,1
Gilan,1
Giray,1
Girvens,1
Glavenson,1
Greck,1
Greibel,1
Guivenson,1
Haerib,1
Haidar,1
Hancy-Feli,1
Handal,1
Haoxuan,1
Haram,1
Haruto,1
Heliam,1
Here,1
Hicker,1
Hoshua,1
Hossam,1
Hostil,1
Isacar,1
Ismail,1
Ixas,1
Jack'S,1
Jaheim,1
Jahssiel,1
Jaken,1
Jazael,1
Jeancarlos,1
Jeicol,1
Jepse,1
Jeray,1
Jerem,1
Jeu,1
Jhasmani,1
Jhedrith,1
Jhoiner,1
Jhons,1
Jhossett,1
Jhosuan,1
Joavensky,1
Jod,1
Jodersonn,1
Joeh,1
Johns-Carry,1
Jorshua,1
Josethomas,1
Josten,1
Joudvenson,1
Jovani,1
Joverly,1
Juan-Sebastian,1
Juanmatias,1
Juhn,1
Juvensky,1
Kaileb,1
Kaiser,1
Kalil,1
Kallfhölikan,1
Karuscky,1
Kayn,1
Kelvy,1
Kely,1
Ken,1
Kerdwens,1
Kewens,1
Khalet,1
Khayr,1
Kiani,1
Klavens,1
Konnalef,1
Kymani,1
Lamartin,1
Laurens,1
Leno,1
Lewfu,1
Liwenko,1
Lleydan,1
Lobo,1
Lochan,1
Loubensky,1
Loukens,1
Lovesonn,1
Lowen,1
Lucado,1
Luckenson,1
Ludjee,1
Luifrangel,1
Luisiano,1
Lukass,1
L?O,1
Maelan,1
Maickell,1
Maken,1
Mankeantu,1
Mankelaf,1
Mao,1
Marcoantonio,1
Mathiu,1
Matthews,1
Maxnayder,1
Maycodji,1
Med-Enst,1
Melving,1
Michelson,1
Ming,1
Mitsuo,1
Mizhael,1
Myley,1
M?Roslav,1
Nahim,1
Navaro,1
Navensky,1
Nay,1
Nayan,1
Nayith,1
Neissan,1
Nesly,1
Nickenson,1
Nilckon,1
Nimay,1
Nivaldo,1
Noelensky,1
Nutu,1
NêHyson,1
Odnelson,1
Orldens,1
Ossman,1
Owens,1
Pack-Cy,1
Pastor,1
Philipe,1
PitêRson,1
Qadir,1
Rahul,1
Ranfi,1
Remi,1
Reyker,1
Rill-Owen,1
Ritzor,1
Rodalmy,1
Rodnison,1
Roldens,1
Rolly,1
Rosshert,1
Sabasti?N,1
Sadwens,1
Saed,1
Saimont,1
Samilo,1
Sante,1
Sasha,1
Scarlenns,1
Scarvenns,1
Serge,1
Sheedley,1
Shelby,1
Sherlson,1
Shonn,1
Simm?N,1
Snayly,1
Steevekerrw,1
Stefanno,1
Stherdjy,1
Stiff,1
Tao,1
Theije,1
Thiamer,1
Thiers,1
Thristan,1
Tian-Long,1
Tiger,1
Urias,1
Vernardsky,1
Vihaan,1
Visente,1
Volker,1
Wadelentzley,1
Wadenson,1
Wanderwil,1
Wannly,1
Weed,1
Wenlang,1
Wenskerley,1
Wesnerson,1
Widlens,1
Wilberth,1
Wilensdjeerhann,1
Wilgens,1
Willensky,1
Wiltony,1
Wodsonne,1
Wooudley,1
Xin,1
Ya,1
Yadlay,1
Yamato,1
Yandri,1
Yann,1
Yany,1
Yassel,1
Ye,1
Yein,1
Yerman,1
Yhavi,1
Yoangel,1
Yonata,1
Yoni,1
Yony,1
Yorman,1
Yossef,1
Youby,1
Yuberky,1
Yudency,1
Yustin,1
Yuxuan,1
Yvenel,1
Zabdyel,1
Zac,1
Zahamir,1
Zaith,1
Zawiyar,1
Zhaid,1
Zhihao,1
Zoê,1
Aarlzdrew,1
Abichael,1
Aimer,1
Aissac,1
Alayshell,1
Aleandro,1
Alexey,1
Alin,1
Amhir,1
Andoni,1
Andriux,1
AndrêAs,1
Ansley,1
Anthooan,1
Argen,1
Aroi,1
Asahel,1
Audon,1
Aukinko,1
Austhin,1
Aviel,1
Axsael,1
Bali?N,1
Battista,1
Bauti,1
Beiling,1
Beneddy,1
Benjamim,1
Bernado,1
Billygraan,1
Bin,1
Boating,1
Breylin,1
Cardozo,1
Carlitos,1
Chardson,1
Chinaidy-Santos,1
Chrisman,1
Clarence,1
Clarinsky,1
Clark,1
Cristianno,1
Dadley,1
Dalan,1
Dalwin,1
Danielson,1
Danra?L,1
Danyloving-G,1
Dariend,1
Dariens,1
Darius,1
Darlexandro,1
Dautson,1
Dave-Bryan,1
Daynar,1
Daywing,1
Deby,1
Demians,1
Denilso,1
Devenson,1
Dexter,1
Dharyel,1
Dieubens,1
Dilanney,1
Diodensky,1
Dionis,1
Djefly,1
Dmian,1
Dowensky,1
Duam,1
Duz?N,1
Eduarth,1
Edylson,1
Eiduar,1
Eliaan,1
Elis,1
Elisey,1
Ematson,1
Enes,1
Erasto,1
Erkan,1
Erlens,1
Essaid,1
Estannley,1
Esterlin,1
Estevan,1
Ettyel,1
Eudy,1
Ezahel,1
Fadenscky,1
Fansley,1
Farhad,1
Favhian,1
Fawennsley,1
Filix,1
Fils-Carlens,1
Fredsle?Dy,1
Frendier,1
Fruitchrodener,1
Geansteban,1
Georges,1
Gianluis,1
Giovenco,1
Gutbler,1
Guyvendy,1
Guyvenson,1
Halens,1
Hansy,1
Hantzronaldo,1
Hanz,1
Haoyun,1
Harden,1
Haru,1
Hede,1
Heydar,1
Heyden,1
Hinjao,1
Hino,1
Holdwens,1
Hotu,1
Humphrey,1
Iancarlos,1
Ichir?,1
Inaylikan,1
Irtan,1
Ir?,1
Isack,1
Ismael-Jos?As,1
Isnayder,1
Issak,1
Issan,1
Is?N,1
Ita?,1
Ittan,1
Ives,1
Jadenn,1
Jamil,1
Janesley,1
Jayro,1
Jean-Rony,1
Jeffbryans,1
Jeffly,1
Jefson,1
Jephthe,1
Jey,1
Jeydan,1
Jhaman,1
Jhamir,1
Jhampier,1
Jheremi,1
Jheremias,1
Jhonkely,1
Jhosual,1
Jhuniors,1
Jims-Ley,1
Joelvis,1
John-Bony,1
Joiver,1
Jor,1
Josafa,1
Jose-Manuel,1
Jossier,1
Josê-Mateo,1
Jozier,1
Juane,1
Juneither,1
Junting,1
Kaique,1
Karam,1
Keid?N,1
Keilin,1
Kein,1
Kellan,1
Kemuel,1
Kennjie,1
Kerstin,1
Kervensly,1
Kerwison,1
Kerwonnsdley,1
Ketthandson,1
Kiran,1
Kreighton,1
Kyleeams,1
Kymani-Bryan,1
Lang,1
Leibnitz,1
Leiy,1
Lenart,1
Lennard,1
Lensey,1
Lewandoski,1
Liams,1
Lienko,1
Lincoyan,1
Livensky,1
Lovenndji,1
Ludwig,1
Luisle?N,1
Luiz,1
Luther,1
Lyanh,1
L?Urel,1
Mackenton,1
Maher,1
Maiprinsco,1
Mayco,1
Mbachi,1
Micha?Lson,1
Mike-Anderson,1
Mike-Ensley,1
Mike-Oliver,1
Mikenley,1
Myck,1
Myller,1
Nalency,1
Nanda,1
Nec?N,1
Nedrian,1
Neikensly,1
Neitan,1
Netch-Kenchy,1
Nikolai,1
Nirek,1
Oly,1
Ordens,1
Orldarlens,1
Oswald,1
Pavez,1
Quincy,1
Rankichi,1
Richadeson,1
Roco,1
Roiman,1
Rolesky,1
Roobenskedou,1
Rood-Kerneson,1
Sabio,1
Sajony,1
Samaza?L,1
Sanderly,1
Savva,1
Sayil,1
Scherlens,1
Schneivenson,1
Sel?N,1
Senley,1
Serdji,1
Serlly,1
Shaun,1
Shedrison,1
Sheedensky,1
Sheldon,1
Shu,1
Skenley,1
Smy,1
Snaijder,1
Stheffan,1
Sthiven,1
Takeshy,1
Taksh,1
Tarsis,1
Tchentchi,1
Teva,1
Thailer,1
Ugaitz,1
Valbuena,1
Valenth,1
Valmyr,1
Vidal,1
Wandi,1
Wed,1
Wenqiao,1
Wetson,1
Widgeth,1
Wilkensley,1
Willsley,1
Wilnerlens,1
Winner,1
Wiskender,1
Woldamian,1
Wood-Alexander,1
Woodjerry,1
Xiyun,1
Yasit,1
Yasniel,1
Yasue,1
Yeank,1
Yelid,1
Yeram,1
Yero,1
Yhann,1
Yhiyon,1
Yhoandry,1
Yhonn,1
Yiaxnerth,1
Yker,1
Yohangel,1
Yojairo,1
You-Ze,1
Youssef,1
Yuheng,1
Yussef,1
Zacar?,1
Zamyr,1
Zayne,1
Zhair,1
Zhamir,1
Zhiming,1
Ade,1
Adel,1
Adhair,1
Adly-Enderchemy,1
Adrianno,1
Agueson,1
Airon,1
Alaind,1
Alanso,1
Alayn,1
Alib,1
Allams,1
Alley,1
Allison,1
Alön,1
Anders,1
Anjel,1
Antay,1
Anthoni,1
Anyello,1
Artur,1
Aureliano,1
Ayr?N,1
Barackus,1
Barnner,1
Beauvais,1
Bendito,1
Benigno,1
Benndji,1
Benoit,1
Bob,1
Breyner,1
Bridson,1
Brondonsley,1
Bruch,1
Brunno,1
Chalensky,1
Chavanne,1
Chedson,1
Chenkai,1
Chrisdorson,1
Cleff,1
Cleyton,1
Clightme,1
Corey,1
Covasky,1
Cristoff,1
Dabryel,1
Dackenson,1
Dady,1
Dahel,1
Daiker,1
Dairel,1
Daken,1
Dalinssonne,1
Dani,1
Danter,1
Darish,1
Darles,1
Darwinson,1
Davi,1
Daymian,1
Dayvid,1
De,1
Deelan,1
Deklan,1
Densell,1
Devraj,1
Devson,1
Dieubenns,1
Dilary,1
DiêVesonn,1
Djeveson,1
Djudson,1
Dolson,1
Dominnick,1
Dominyck,1
Donald,1
Donel,1
Donwesky,1
Doudly,1
Dreadsonn,1
Dreick,1
Drigue-Angel,1
Ducas-Theo,1
Duverson,1
Dyoudely,1
D?Lian,1
Easton,1
Eathan,1
Edelmiro,1
Edeson,1
Eduant,1
Efran,1
Eideer,1
Eiken,1
Einr?,1
Elecier,1
Eliyshama,1
Elton,1
Elunei,1
Elvin,1
Emmiliano,1
Emric,1
En-Tchou,1
Enelson,1
Erich,1
Ervens,1
Erwensley,1
Esaias,1
Essam,1
Estephano,1
Eteva,1
Ethienne,1
Eudilio,1
Farouk,1
Fedwins,1
Fernandi•O,1
Flavel,1
Frandison,1
Freylin,1
Fritz-Gerbens,1
Galvis,1
Gardel,1
Gazpar,1
Geber,1
Ghaleb,1
Gieren'T,1
Godwins,1
Gostens,1
Gubs,1
Guensley,1
Gusver,1
Hades,1
Handell,1
Handy,1
Hannibal,1
Hanniel,1
Harling,1
Hedendro,1
Herlyson,1
Hicarls,1
Horus,1
Houssama,1
Husay,1
Iakobos,1
Ians,1
Ikki-Alonso,1
Ilias,1
Inoe,1
Isaacs,1
Isay,1
Jaaphard,1
Jaasiel,1
Jad,1
Jadel,1
Jafar,1
Jahan,1
Jalinsky,1
Jamilevsky,1
Jayvi,1
Jdonur,1
Jeampiere,1
Jean-Baptiste,1
Jeanphier,1
Jeick,1
Jenaro,1
Jensen,1
Jetzael,1
Jeymenly,1
Jhandriel,1
Jhener,1
Jhiamall,1
Jhohan,1
Jhon-Andy,1
Jhon-Rubensky,1
Jhonefer,1
Jhonniel,1
Jhorman,1
Jhose,1
Jhoyner,1
Jhuan,1
Jiren,1
Jivensky,1
Joanse,1
Jocha,1
Johel,1
Johens-Ley,1
Johentes,1
Jonaldo,1
Josafat,1
Josedaniel,1
Josua,1
Juan-Robensley,1
Juanignacio,1
Juanmanuel,1
Judens,1
Junyor,1
Karios,1
Kartal,1
Kave,1
Kedeson,1
Keller,1
Kelton,1
Kenderson,1
Kendjee,1
Kenterry,1
Keventz,1
Khabib,1
Khalil,1
Kheyller,1
Kilhyam,1
Kiliam,1
Klainer,1
Kristhean,1
Kurröf,1
Lahyann,1
Laiam,1
Leionel,1
Lemuel,1
Lensmey,1
Lentz-Arthur,1
Lhiams,1
Lionnel,1
Llankallöfke,1
Lloyd,1
Llöfken,1
Lorkens,1
Lowen-Jih,1
Lowensley,1
Lubin,1
Luckensay,1
Luidjisthivens,1
Lyams,1
Magson,1
Mahdiyar,1
Manel,1
Manoel,1
Many,1
Marbensley,1
Marc-Anderson,1
Marc-Josuê,1
Marc-Sandro,1
Marc-Wendjy,1
Marhuk,1
Marx-Hansley,1
Matiah,1
Mavenson,1
Maycolt,1
Mayer,1
Memphis,1
Michael-Junior,1
Migrens,1
Miguelalexis,1
Millz,1
Moragene,1
Nabih,1
Nacor,1
Nagib,1
Nahele,1
Nany,1
Nassim,1
Nery,1
Neudy,1
Nian,1
Nimai,1
Nitay,1
Oldensly,1
Osmel,1
Osthyn,1
Oswaldo,1
Ovaldez,1
Overardo,1
Pablogiulianno,1
Pedrito,1
Penia,1
Phelensky,1
Puyol,1
Rahan,1
Rehymond,1
Reik,1
Remycson,1
Renku,1
Reno,1
Reyner,1
Richardo,1
Richie,1
Ridjivensley,1
Riva,1
Rock-Finley,1
Rodemil,1
Rodly,1
Roiner,1
Romano,1
Ronal,1
Roservio,1
Roudy,1
Rufo,1
Rusell,1
Ruslan,1
Sahiruss,1
Sainly,1
Saint,1
Samivens,1
Sanley,1
Santinno,1
Saolo,1
Saymon,1
Scofield,1
Severin,1
Sharukhan,1
Shawn,1
Shedwens,1
Shivensky,1
Sinandersky,1
Siwar,1
Sneider,1
Sonn,1
Stevan,1
Tahiler,1
Tangaroa,1
Tchadley,1
Teaka,1
Tey,1
Thairon,1
Thiery,1
Timothy,1
Tristhan,1
Ulrik,1
Vahdir,1
Valentinno,1
Vewann,1
Viccenzo,1
Vinicio,1
Watdlinx,1
Wed-Ernsly,1
Weedens,1
Wenuqueo,1
Widley,1
Widsond,1
Wiiliam,1
Wilito,1
Will-Archley,1
Wisckenlove,1
Witchelo,1
Wiz,1
Wonderry,1
Woode-Kendy,1
Woodjouvens,1
Woodkenley,1
Woodlye,1
Worldens,1
Xiao,1
Yakcson,1
Yales,1
Yanentz,1
Yehon,1
Yeikov,1
Ygins,1
Yhogan,1
Yiligan,1
Yochua,1
Yohelviz,1
Yolvin,1
Yoskeily,1
Youdenson,1
Yuriel,1
Yuvemir,1
Zanoach,1
Zequiel,1
Zham,1
Abdiasly,1
Abdulah,1
Abigael,1
Abrahaam,1
Abzael,1
Adle,1
Ahron,1
Aidenn,1
Aivan,1
Akeen,1
Akemi,1
Akin,1
Alenyer,1
Aliens,1
Alymir,1
Amadeus,1
Amthuan,1
Andressi•O,1
Andri,1
Angelito,1
Ansallir,1
Anskerry,1
Arai,1
Ardhan,1
Artley,1
Arush,1
Azarel,1
Banlli,1
Bedwens,1
Benhiamin,1
Bentzky,1
Betsaleel,1
Beymar,1
Bindu,1
Blaymer,1
Boaz,1
Brandher,1
Brandom,1
Braydan,1
Brihan,1
Brontz,1
Browson,1
Carl-Heintz,1
Carlib,1
Casemiro,1
Catrihel,1
Cevenscky,1
Chagual,1
Cheick,1
Chelot,1
Chrisdaily,1
Christoball,1
Claire,1
Cleef,1
Cris-Martin,1
Crisbeau,1
D'Alezandro,1
D'Emir,1
Dadeley,1
Dagoberto,1
Danyyel,1
Darhien,1
Darylson,1
Davian,1
Davidslin,1
Deivy,1
Densio,1
Deybi,1
Deyron,1
Dhemir,1
Dians,1
Dieuvinsky,1
Dionisio,1
Djendewy,1
Djivens,1
Djobenson,1
Djoomy,1
Djoulins,1
Doodlensky,1
Drian,1
Dulmaliano,1
Duvense,1
Ederick,1
Edizzon,1
Eirian,1
Elessar,1
Eliaxel,1
Elicnelson,1
Elima,1
Eliso,1
Emando,1
Emhyr,1
Emian,1
Enam,1
Ena?L,1
Eskol,1
Esnahider,1
Espartaco,1
Eudi,1
Eudmerson,1
Everth,1
Eybert,1
Eydrian,1
Eyssan,1
Faens,1
Fayency,1
Felensky,1
Fhillippo,1
Franccesco,1
Franqueli,1
Franso,1
Frantzso,1
Fraynell,1
Gabi,1
Gamaniel,1
Gao,1
Gaouchill,1
Garel,1
Garlens,1
Gavendy,1
Gedensly,1
Ghemsy,1
Givenchy,1
Glen,1
Green,1
Gucci,1
Guermax,1
Guillemo,1
Habid,1
Hair,1
Harden'S,1
Hermann,1
Hideki,1
Hokulani,1
Hortega,1
I-Sa?,1
Ikker,1
Ingo,1
Isabella,1
Itzjak,1
Izma?L,1
Jacquelen,1
Jameel,1
Jancarlos,1
Jaxon,1
Jaykon,1
Jeampier,1
Jhetzen,1
Jhondaly,1
Jhosias,1
Jhosiney,1
Jhuban,1
Jhyms,1
Jireh,1
Joannes,1
Jochen,1
Jocksan,1
Jocê,1
Jodensky,1
Johannes,1
Johnley,1
Johnnatan,1
Johns,1
Johnsly,1
Jomesly,1
Jonarson,1
Jord,1
Jordany,1
Jordin,1
Josemariano,1
Jossiel,1
Jossyas,1
Juvensy,1
Juventz,1
Kailani,1
Kenichi,1
Kentzley,1
Kenyel,1
Kerbens,1
Kerly,1
Kerman,1
Kerwendy,1
Kerwensky,1
Keyber,1
Khader,1
Kinglove,1
Kishnaison,1
Kleiver,1
Kristofer,1
Kyrian,1
Lamy,1
Leimer,1
Lensdjino,1
Leufu,1
Levent,1
Lihuen,1
Likenson,1
Linkolin,1
Londo,1
Longxing,1
Loovensky,1
Lordson,1
Lucson,1
Lugh,1
Luhan,1
Luiggi,1
Lyuben,1
Mackenzie,1
Macus,1
MacêO,1
Maglovrens,1
Malaqu?As,1
Marc-Ly,1
Marceaux,1
Marwen,1
Matheos,1
Maxwell,1
Mayck,1
Ma?Ckerventz,1
Mechac,1
Mendy,1
Meruem,1
Messi,1
Michlandi,1
Migawenste,1
Mirandi,1
Mohad,1
Moshe,1
Mykeduard,1
Nactali,1
Natann,1
Naviht,1
Nonoma,1
Nuno,1
Olsen,1
Oniel,1
Onley,1
Oracio,1
Patrickson,1
Pedro-Pablo,1
Petersley,1
Phineas,1
Principe,1
Regner,1
Reid,1
Reikin,1
Rody,1
Roodchelson,1
Roodjerry,1
Roodolph,1
Roosveltz,1
Rowert,1
Sabdiel,1
Safari,1
Saick,1
Sandler,1
Sathvik,1
Saureth,1
Sa?K,1
Sergiu,1
Shakur,1
Shangyuan,1
Shraddha,1
Sihong,1
Sma?L,1
Sodnerson,1
Stalin,1
Stamatios,1
Stephanos,1
Storly,1
Stravensky,1
Styben,1
Syed,1
Takumi,1
Tane,1
Tautanga,1
Teilorth,1
Tenshi,1
Terlinsky,1
Tevaihau,1
Thommy,1
Thyrone,1
Ulisses,1
Valinsky,1
Vicenthe,1
Vigo,1
Wavens,1
Wendji,1
Wenson,1
West,1
Widadley,1
Widde,1
Widensley,1
Wild-Achley,1
Wildensky,1
Wiliam,1
Wilked,1
Wilky,1
Wilnayson,1
Wismith,1
Woodbenson,1
Yammyr,1
Yang,1
Yasth?N,1
Yeick,1
Yeshoua,1
Yhovanny,1
Yhuan,1
Yinle,1
Ymcy,1
Yobany,1
Yolneiver,1
Yubeiker,1
Yusuf,1
Zadquiel,1
Zafnat,1
Zahed,1
Ziming,1
Zyan,1
Abba,1
Abhayajit,1
Aderly,1
Airam,1
Aizak,1
Aklens,1
Albaro,1
Aled,1
Aleister,1
Alensky,1
Alet,1
Aleux,1
Alexson,1
Alexssander,1
Alhadaya,1
Amalio,1
Ambay,1
Amit,1
Amitay,1
Ammaro,1
Andeyson,1
Andy-Christovens,1
Anggelo,1
Anjose,1
Anthon,1
Archie,1
Arjen,1
Arsmnerley,1
Arwens,1
Ar?N,1
Asiri,1
Athreus,1
Attis,1
Awkinko,1
Aydhan,1
Ayvar,1
Azai,1
Bair?N,1
Beckham,1
Bedjy,1
Bemaisan,1
Bengiamin,1
Benjhamin,1
Berretsky,1
Bobyguens,1
Brais-Liu,1
Brayann,1
Braymar,1
Breyden,1
Breyler,1
Brighton,1
Brisley,1
Bryanth,1
Cailan,1
Caliel,1
Carl-Junior,1
Celim,1
Chandenayson,1
Chandesley,1
Charlyn,1
Christherlenson,1
Christmael,1
Ch?Vens,1
Clawensky,1
Clemente-Ignacio,1
Clendison,1
Colbert,1
Crhistian,1
Croosburg,1
Dackens,1
Dahil,1
Danison,1
Darek,1
Darick,1
Dariem,1
Daventzky,1
Dawsson,1
Dayby,1
Dayler,1
Denzhel,1
Devedsh,1
Deymerson,1
Dirk,1
Diyeri,1
Djenelson,1
Djeudlens,1
Djodiey,1
Djouvensley,1
Djubenson,1
Djulens,1
Djymenlove,1
Duckens,1
Edemir,1
Eden'S,1
Edjean,1
Ednelson,1
Edward'S,1
Edyson,1
Egoitz,1
Elezer,1
Elianth,1
Eliut,1
Elizandro,1
Eli?H,1
Elon,1
Emanoach,1
Ernestor,1
Erodson,1
Esahic,1
Esah?As,1
Estrivi,1
Etzio,1
Exceqiel,1
Eythian,1
Fabiani,1
Falah,1
Fau,1
FaêL,1
Feivel,1
Feler,1
Fendji,1
Fito,1
Franchesko,1
Frandy,1
Fredesky,1
Fredlensky,1
Galguens,1
Garwendy-Kerry,1
Gasppar,1
Gavens,1
Gean,1
Giofranco,1
Giusepp,1
Godson,1
Gon,1
Goodlyson,1
Greyan,1
Gunter,1
Guvendjy,1
Guvenson,1
Guy-Vens,1
Haoyu,1
Harmin,1
Harryson,1
Hebert,1
Hendert,1
Henzer,1
Henzo,1
Herick,1
Herly,1
Holls-Densky,1
Honur,1
Hotumatu'A,1
Huri,1
Iad,1
Igor,1
Ikerth,1
Ilich,1
Isais,1
Itzae,1
Iver,1
Iyael,1
Jackelias,1
Jaydrian,1
Jean-Jacques,1
Jean-Venson,1
Jehiel,1
Jeidhem,1
Jeimar,1
Jerald,1
Jeremiahs,1
Jheidan,1
Jholens,1
Jhonnaz,1
Jhordy,1
Jhustin,1
Joah,1
Jodlensky,1
Johnkerry,1
Joon,1
Joovany,1
Jophsan,1
Jordani,1
Jorhn,1
Joseantonio,1
Joseb,1
Joulensky,1
Jovan,1
Juan-Junior,1
Juanandres,1
Juanesteban,1
Judenel,1
Justin-Ralph,1
Kail,1
Kalel,1
Kawhi,1
Kayveen,1
Kedyel,1
Keloke,1
Kendrik,1
Kenndy,1
Kento,1
Kevyn,1
Keyler,1
Khal,1
Kidian,1
Knut,1
Koda,1
Krisley,1
Kuyen,1
Kylean,1
Lier,1
Lino,1
LlantêN,1
Lorvensley,1
Lorvenson,1
Loukevens,1
Love-Vensky,1
Lovenshy,1
Luams,1
Lucdenis,1
Luck,1
Lucka,1
Luismateo,1
Lynerson,1
L?Ciam,1
Mackens,1
Macsimillano,1
Macximo,1
Marc-Arthur,1
Marcuz,1
Markos,1
Marvensley,1
Massimus,1
Matelo,1
Matihas,1
Mavensli,1
Maximilliano,1
Maykelson,1
Medley,1
Meredith,1
Millalen,1
Mirlensly,1
Mkdiego,1
Munir,1
Mylovan,1
Nabil,1
Nader,1
Nadhir,1
Naldinio,1
Natho,1
Nayem,1
Niells,1
Nils,1
Nitai,1
Norgansley,1
Nowitzky,1
Nyschledenson,1
Omarion,1
Onex,1
Orel,1
Osmman,1
Parvensley,1
Phillippe,1
Poll,1
Rafaello,1
Raffaell,1
Raiquen,1
Ralrh,1
Ranjeet,1
Raudy,1
Raylafken,1
Raynel,1
Reginal,1
Reylin,1
Richalson,1
Roberson,1
Robyn,1
Rod-Djalens,1
Rodomiro,1
Ronaldinho,1
Ronario,1
Roniley,1
Roodenchy,1
Rosmadyur,1
Royden,1
Saad,1
Saimon,1
Sameer,1
Samhir,1
Samiel,1
Sanec,1
Santiere,1
Sawoodson,1
Seba,1
Servando,1
Shahzaib,1
Shawood,1
Sheddly,1
Shildens,1
Skendjee,1
Sneyder,1
Sridam,1
Starlin,1
Starling,1
Steeve-Jay,1
Steevebryan,1
Steevenz,1
Stivenson,1
Swon,1
Tamer,1
Tawhiri,1
Teddy,1
Thaison,1
Tineo,1
Tyson,1
Udson,1
Unay,1
Valens,1
Wainer,1
Wann,1
Wannberly,1
Watley,1
Waynel,1
Weiyi,1
Wendcessclass,1
Wide,1
Widnay-Love,1
Will-Smith,1
Wisbensky,1
Wisnaldo,1
Wistan,1
With,1
Woodjefley,1
Woodstanley,1
Wooths,1
Wylie,1
Yacov,1
Yasen,1
Yassiel,1
Yederik,1
Yefran,1
Yefrem,1
Yhonel,1
Yohanobis,1
Yoiner,1
Youdensky,1
Yuvensky,1
Yvnel,1
Zackar?As,1
?Drian,1
Abdonael,1
Adams-Lee,1
Ad?Nnis,1
Aisak,1
Aito,1
Ajourn,1
Akitil,1
Aleksei,1
Alesandro,1
Almustafa,1
Alseny,1
Amorri,1
Am?Lcar,1
Anderson-Alex,1
Andrew'S,1
Andry,1
Anllelo,1
Antuanne,1
Antuê,1
Aray,1
Ariam,1
Arion,1
Arkens,1
Arl?N,1
Arnau,1
Ar?Nn,1
Augustebel,1
Axxel,1
Axzel,1
Bamban,1
Befritsly,1
Beiker,1
Bemjam?N,1
Berwentz-Adley,1
Bilgalyno,1
Bradweedhertzly,1
Bruny,1
Carl-Hens,1
Carlventz,1
Cengiz,1
Cevensonn,1
Charlessumycodji,1
Charyk,1
Cheskerlens,1
Cheskerley,1
Christ-Eluney,1
Clerbi,1
Clivenson,1
Cory,1
Dabenscky,1
Dabenski,1
Dairan,1
Damiam,1
Darrel,1
Darwensley,1
Daybert,1
Decklan,1
Deinier,1
Deleth,1
Densel,1
Deyvid,1
Deyvyz,1
Dhante,1
Diafer,1
Dicran,1
Diogo,1
Distefano,1
Ditson,1
Djoodlens,1
Dorado,1
Dorians,1
Dorland,1
Dorlysito,1
Dylann,1
Edein,1
Edhyon,1
Edi,1
Edyan,1
Efra?M,1
Ehizan,1
Einer,1
Elianyer,1
Eliaser,1
Elois,1
Emre,1
Enderson,1
Engels,1
Ennys,1
Eprha?M,1
Erikc,1
Erto,1
Esamil,1
Estefanno,1
Ezais,1
Fedeley,1
Fedensley,1
Fedentz,1
Fenrir,1
Filipo,1
Fledenscky,1
Flores,1
Forgensley,1
Frabian,1
Franchescoli,1
Frantz-Carly,1
Freyder,1
Freysandy,1
Gabino,1
Ganesh,1
Gardens,1
Gasendy,1
Giorno,1
Giulio,1
Greikel,1
Guylorvens,1
Hanbal,1
Hantoni,1
Hayner,1
Henrie,1
Henyerbelt,1
Herald,1
Hetzel,1
Heuly,1
Holdensky,1
Ikki,1
Ioseph,1
Isahias,1
Isaiaa,1
Isain,1
Isidoro,1
Isko,1
Izzan,1
Jamsley,1
Janko,1
Jaylen,1
Jean-Clarens,1
Jedenis,1
Jeffry,1
JeffrêN,1
Jenko,1
Jephly,1
Jesse,1
Jeudly,1
Jhackson,1
Jhoary,1
Jhoizer,1
Jinning,1
Jivens-Lucas,1
Joangel,1
Jonrobert,1
Joseth,1
Josfran,1
Joshmy,1
Joshuar,1
Jostyn,1
Josê-Ignacio,1
Joudly,1
Joze,1
Juandi,1
Judnayson,1
Juver,1
Kainga,1
Kale,1
Kallfölikan,1
Kaniel,1
Karan,1
Kencyley,1
Kendjy,1
Kendriel,1
Kenian,1
Kennedy,1
Kewendjy,1
Keythan,1
Kilyam,1
Klevensky,1
Klewin,1
Kody,1
Ky-Mani,1
Kyllian,1
Leah,1
Lebram,1
Leyder,1
Leyterry,1
Leyton,1
Liaan,1
Liann,1
Lihann,1
Louisvenson,1
Lukenson,1
Luvens,1
Luziano,1
Lyham,1
Mademson,1
Magximo,1
Maikcol,1
Marc-Edens,1
Marckensley,1
Marcvel,1
Marshall,1
Martin-Alex,1
Matius,1
Matt-Jaisen,1
Maullin,1
Maykoventz,1
Mayli,1
Meyser,1
Micks,1
Midensky,1
Mike-Kerson,1
Mikkel,1
Milovans,1
Mirlens,1
Morice,1
Mykel,1
Naitsab,1
Nando,1
Nastian,1
Naum,1
Nehemiah,1
Neptali,1
Nickson,1
Niels,1
Nycolas,1
Odensji,1
Oleg,1
Oleksand,1
Omohi,1
Ossiel,1
Pavel,1
Pedro-Alonso,1
Phellipe,1
Philip,1
Pradley,1
Puai,1
Raelh,1
Ralph-Kerry,1
Rayner,1
Revansh,1
Reybby,1
Reymundo,1
Reynoldji,1
Rhamces,1
Richarly,1
Rick,1
Rodleyson,1
Roisner,1
Romyr,1
Rood-Terry,1
Roodhensky,1
Ruilin,1
Runcheng,1
Sabino,1
Sacarias,1
Sanders,1
Schivensky,1
Serebias,1
Sheleydensky,1
Shinaider,1
Silvano,1
Slam,1
Slayson,1
Solyto,1
Sonydji,1
Sterby,1
Steveen,1
Stherson,1
Sthevens,1
Stybeenn,1
Surya,1
Takiri,1
Thisnayson,1
Touwa,1
Ur,1
Vincet,1
Vlagens,1
Wendy,1
Wilvaldoson,1
Wiskendy,1
Witchneider,1
Wolfskit,1
Wood-Ly,1
Wood-Schwenny,1
Wooderson,1
Wuiliver,1
W?Sfrondy,1
Yaciel,1
Yaobo,1
Yareth,1
Yean,1
Yehider,1
Yeikob,1
Yeikoth,1
Yerco,1
Yham,1
Yohance,1
Yondelmen,1
Yong,1
Yordhan,1
Yosniel,1
Yuga,1
Yunt-San,1
Yvensley,1
Yveson,1
Ywenscky,1
Zabdy,1
Zatquiel,1
Zhixiao,1
Zhongsheng,1
Abbiel,1
Achille,1
Adamns,1
Adamsley,1
Adenns,1
Adlens,1
Aisaac,1
Akani,1
Albany,1
Albiery,1
Alcantara,1
Aldamir,1
Alexandri,1
Alexzayr,1
Amado,1
Ametz,1
Andrea,1
Andreê,1
Andrhy,1
Anhir,1
Ansell,1
Antonino,1
Anyo,1
Aschley,1
Athez,1
Audi,1
Ayams,1
Ayhan,1
Aymen,1
Ayune,1
Bentley,1
Betsonn,1
Biladson,1
Bing,1
Binghy,1
Bior,1
Bodson,1
Brahim,1
Calh,1
Caly,1
Carther,1
Casio,1
Charming,1
Chris-Asher,1
Chrismael,1
Clever,1
Clewens,1
Clotario,1
Constanzo,1
Dabir,1
Daibert,1
Dainel,1
Dalton,1
Dan-Dylan,1
Dao,1
Darieen,1
Dashiel,1
Dauriel,1
Debr?N,1
Deibi,1
Denixon,1
Denmtz,1
Den?N,1
Deron,1
Devinson,1
Deyainer,1
Deymian,1
Dhaniann,1
Diemsley,1
Dieuvens,1
Diwensley,1
Djadier,1
Djamsly,1
Djefry,1
Djenpsley,1
Djonathan,1
Djooven-Sley,1
Donobal,1
Dusting,1
D?Stian,1
D?Nnovan,1
Edberg,1
Eddien,1
Edmond,1
Edson'N,1
Eduart,1
Edzel,1
Efrayn,1
Ehtan,1
Ehytan,1
Eithian,1
Elh?An,1
Eliaquim,1
Eliodoro,1
Elizardo,1
Elizor,1
Elumey,1
Erianth,1
Erwan,1
Esaai,1
Esmilovan,1
Ethien,1
Etier,1
Eudomar,1
Evald,1
Exceyver,1
Eylan,1
Eysac,1
Fabbiano,1
Farbentz,1
Fawens,1
Feder,1
Fenelson,1
Flori?N,1
Forlens,1
Frankie,1
Fransoa,1
Frantzy-AndrêS,1
Fredi,1
Friedrich,1
Fritznel,1
Froil?N,1
Gabrieljes?S,1
Gauss,1
Gervensley,1
Giam,1
Glenn,1
Good-Jimmy,1
Haid,1
Hallvin,1
Hamonddjace,1
Hastur,1
Helver,1
Herem,1
Herlans,1
Heydrin,1
Hissan,1
Hostin,1
Hottman,1
Ilehi,1
Illiat,1
Itzan,1
Izael,1
Jackensly,1
Jahel,1
Jahmiel,1
Jamescheedley,1
Janiel,1
Jarick,1
Jasmany,1
Jaysean,1
Jeann,1
Jeffley,1
Jeik,1
Jeremiaz,1
Jeremik,1
Jessuan,1
Jetsael,1
Jhamal,1
Jhans,1
Jheico,1
Jheymi,1
Jhofran,1
Jhonnathan,1
Jhoury,1
Jhovanny,1
Jhuder,1
Joakin,1
Joam,1
Jocsan,1
Jodelin,1
Jodinceley,1
Joey,1
Joffrey,1
Jonarlin,1
Jonny,1
Jorangel,1
Josimar,1
Josneylly,1
Josê-Leonardo,1
Josê-Miguel,1
Jowel,1
Jozhiel,1
Juan-Guillermo,1
Juanmatheo,1
Julberson,1
Juniorson,1
Kahoe,1
Keithz,1
Kelem,1
Kelleher,1
Kemsley,1
Kenac,1
Kendhall,1
Kenly,1
Kenson,1
Kerwill,1
Ketzal,1
Kevvin,1
Kewpv,1
Khilyan,1
Khriz,1
Kidan,1
Kike,1
King,1
Kingsley,1
Kiyoshi,1
Klarens,1
Kona,1
Leny,1
Leonardi,1
Licente,1
Linco,1
Lorventz,1
Lory,1
Louidensky,1
Louisandro,1
Luar,1
Lubensky,1
Luco,1
Luisander,1
Luvin,1
LêWis,1
Magderlens,1
Maink,1
Marat,1
Marcio,1
Mardocher,1
Marvans,1
Mateho,1
Mathia,1
Mattew,1
Maxel,1
Maxony,1
Maylon,1
Melvin,1
Mertentz,1
Metelus,1
Mikedavid,1
Mikensio,1
Mikensly,1
Molensky,1
Myzuna,1
MêNelik,1
Nailens,1
Nainoa,1
Naythan,1
Neo,1
Ner?,1
Nesenley,1
Neyder,1
Nikolay,1
Nissim,1
Noritz,1
Obed,1
Olgens,1
Oliverio,1
Paskual,1
Patrycio,1
Paulito,1
Petter,1
Prince-JêHö,1
Raciel,1
Ralp,1
Rapha,1
Raymillians,1
Reidnar,1
Rino,1
Rizat,1
Robency,1
Romer,1
Rooben,1
Roobens-Ly,1
Rood-Veinaldo,1
Roodayen,1
Roto,1
Saaid,1
Samleht,1
Samley,1
Sawensnel,1
Sel?H,1
Shamy,1
Sherendy,1
Smick,1
Snegdjy,1
Sophian,1
Stanko,1
Stardens,1
Sylvanovzky,1
Tenohe,1
Terry,1
Theylor,1
Thyaggo,1
Thyler,1
Tianjun,1
Tsiemihr,1
Tzadik,1
Valensky,1
Vladymir,1
Vlayhimhird,1
Wage,1
Wedton,1
Wenjun,1
Wenulik?N,1
Wesson,1
Will-Bryan,1
Willyam,1
Wilsonje,1
Winston,1
Wirvin,1
Wisbenley,1
Wiston,1
Withson,1
Witz-Sael,1
Wood-Jaydon,1
Woode,1
Woodensky,1
Woodenson,1
Wuens,1
W?Lsandre,1
Xabi,1
Yandel,1
Yarek,1
Yarell,1
Yaric,1
Ydam,1
Yeidan,1
Yeriko,1
Yesper,1
Yetro,1
Yhulean,1
Yofraily,1
Yohandy,1
Yoset,1
Youvensly,1
Ysma?Ley,1
Yuri,1
Yusheng,1
AbdêF,1
Ahmad,1
Alduin,1
Alec,1
Alemsky,1
Alexsio,1
Alfonzo,1
Alina,1
Alisandro,1
Alpha,1
Alphonse,1
Alvarito,1
Alvin,1
Alyazar,1
Amin,1
Ander-Lens,1
Andros,1
Angelect,1
Angus,1
Antuhan,1
Archly,1
Armiyaa,1
Arnoldo,1
Arohon,1
Arol,1
Aruku,1
Aslam,1
Athes,1
Atma,1
August?Ne,1
A?Lann,1
Barak,1
Bergeson,1
Berman,1
Berstley,1
Bianchy,1
Bin'Yamin,1
Biniamin,1
Brad,1
Briansky,1
Calix,1
Carlentz,1
Carlito,1
Ca?Tho,1
Chanelson,1
Chelson,1
Christanson,1
Clavitch,1
Clie,1
Crysmael,1
Dabensonn,1
Dalyson,1
Danierro,1
Darlwens,1
Darson,1
Darwilkens,1
Dennyan,1
Derin,1
Dervy,1
Dheyn,1
Diemson,1
Dimitar,1
Dislan,1
Djeewentz,1
Djemsly,1
Djikenlay,1
Djovano,1
Djubens,1
Doolens,1
Duaner,1
Dubertlens,1
Dumy,1
Dun,1
Dyamsly,1
Eben-Ezer,1
Edhemir,1
Edinho,1
Edrei,1
Eduine,1
Egssy,1
Elens,1
Elieser,1
Eliran,1
Elize,1
Elkin,1
Emylan,1
Endrick,1
Ephra?Me,1
Erol,1
Ethan-Archie,1
Ethans,1
Facuindo,1
Faris,1
Faverth,1
Fedelensky,1
Fednerson,1
Felando,1
Frenkie,1
Gabriele,1
Gaell,1
Galez,1
Geovanny,1
Geralmi,1
Gerhard,1
Gewachly,1
Geziel,1
Gienaro,1
Gilberson,1
Gio,1
Giorgian,1
Giorgos,1
Givensley,1
Gleyton,1
Guersonley,1
Guilherme,1
Guillou,1
Guivens,1
Gustave,1
Guy-Zahintz,1
Gyvenson,1
H'Jalmar,1
Haron,1
Haugusto,1
Hedens,1
Henrique,1
Hetier,1
Hiaam,1
Hiam,1
Hiroshi,1
Hjalmar,1
Hudson,1
Ibar,1
Iland,1
Iyari,1
I•Aqui,1
Jacks,1
Jafet,1
Jaffar,1
Jahlil,1
Jahziel,1
Janson,1
Jarib,1
Jasiel,1
Jay-Loveson,1
Jaybestslay,1
Jeffterly,1
Jeisen,1
Jephter,1
Jess?S,1
Jesuscan,1
Jhaiden,1
Jheissen,1
Jhoann,1
Jhoanner,1
Jhoksan,1
Jhonbochery,1
Jhonwescken,1
Jinovsky,1
Jiovanny,1
Jodna?Son,1
Joodley,1
Josepth,1
Josneiber,1
Jowentz,1
Jua-Pablo,1
Juancky,1
Judley,1
Junelson,1
Justhins,1
Kaens,1
Kaiyichen,1
Kalem,1
Kanata,1
Karlitos,1
Kehylan,1
Kengy,1
Kerventz,1
Keudy,1
Keydan,1
Khail,1
Khonan,1
Kian,1
Kilhyan,1
Killyan,1
Kmilo,1
Lean,1
Lennon,1
Lenz,1
Leonhart,1
Leovensky,1
Lester,1
Leudy,1
Lexson,1
Leydie,1
Lheo,1
Lickan,1
Lielco,1
Ligko,1
Lobbo,1
Lordensky,1
Lorenz,1
Louivenson,1
Loy'S,1
Lu,1
Mack,1
Mackson,1
Madi,1
Mailenscky,1
Malachie,1
Malcom,1
Manuel-Sanley,1
Marvensky,1
Mathiass,1
Maxi-Royce,1
Maykeell,1
Meer,1
Meir,1
Menchy,1
Micken,1
Milad,1
Minato,1
Miphadeson,1
Mitch,1
Naher,1
Nahiim,1
Nahual,1
Nayto,1
Nazario,1
Neewolf,1
Nicholas,1
Nico,1
Niykerwi,1
Nohan,1
Ohnur,1
Oseas,1
Osfrend,1
Osken,1
Osly,1
Osmy,1
Oua,1
Peterson,1
Piert,1
Pool,1
Raonando,1
Rashid,1
Ratziel,1
Raymmon,1
Reginald,1
Regis,1
Ricardi•O,1
Richekorvens,1
Richmael,1
Richy,1
Riqui,1
Ritz,1
Rodensky,1
Roossel,1
Rostislav,1
Rotschild,1
Roybeth,1
Rusel,1
Ryota,1
Sala,1
Samuel-Christ,1
Seceley,1
Shane,1
Shidwensky,1
Siegfried,1
Silem,1
Sixto,1
Smiley,1
Soid,1
Stanleyno,1
Steevan,1
Taddeo,1
Takeo,1
Tayöl,1
Tuku,1
Tupac-I•Aki,1
Vagner,1
Valentim,1
Velkan,1
Vikenson,1
Vladenshley,1
Wadley,1
Walense,1
Wally,1
Wanderth,1
Warlin,1
Weden,1
Wedjy,1
Wedkenson,1
Whoner,1
Wilbensley,1
Wilberson,1
Wilgensly,1
Williamson,1
Wishelson,1
Wisler,1
Wislex,1
Wolvensky,1
Wood-Sonlove,1
Woodelens,1
Woodnael,1
Woodnocky,1
Wuilman,1
Yacir,1
Yadzael,1
Yamylo,1
Yarihan,1
Yasiel,1
Yaxel,1
Yeiber,1
Yeimer,1
Yelson,1
Yemil,1
Yexcequiel,1
Yhaan,1
Yihang,1
Yofan,1
Yonni,1
Yorbi,1
Yorgentz,1
Ysmael,1
Yulians,1
Yunior,1
Yvelesky,1
Zakarie,1
Zohan,1
Zrahenschey,1
•Ankulef,1
